SP1000,,SALESMAN:,Kiofi Odoru,,,,,,,,,,,
,,,,,,,,,,,,,,
,,,,,MONDAY,,TUESDAY,,WEDNESDAY,,THURSDAY,,FRIDAY,
,TOTAL UNIVERSE - 395,,,TOTAL VISITED,Visited,N/A,Visited,N/A,Visited,N/A,Visited,N/A,Visited,N/A
Sales man 3,ZONE,,,,,,,,,,,,,
,AFIENYA,52,,52,,,,,,,,,,
,KPONE KATAMANSO,20,,20,,,,,,,,,,
,ADJEI KOJO,25,#VALUE!,25,,,,,,,,,,
,OFFICIAL TOWN,11,#VALUE!,11,,,,,,,,,,
,ASHIAMAN,344,#VALUE!,344,,,,,,,,,,
,TOTAL,,,,,,,,,,,,,
,,,,,,,,,,,,,,
,,,,,,,,,,,,,,
ID,OUTLET NAME,CONTACT PERSON NAME,POSITION,MOBILE NUMBER,LOCALITY,SUB LOCALITY,LANDMARK,STREET NAME,,,,,,
1,NHYIRABA ONE LOVE,SETHWA,,249761389,OFFICIAL TOWN,BLUE KIOSK,NEAR THE PENTECOST CHURCH,NA,,-0.25898434,5.593889724,"0?? 15' 32.344"" W","5?? 35' 38.003"" N",
2,MAKAOLA PRICE,ESTHER OFORI,,541006820,OFFICIAL TOWN,BLUE KIOSK,NOT  FAR FROM THE BLUE KIOSK SHOP,NA,,-0.259184215,5.593309136,"0?? 15' 33.063"" W","5?? 35' 35.913"" N",
3,GYE NYAME PARLIAMENT,SISTER NAANA,,249924619,OFFICIAL TOWN,BLUE KIOSK,100METRES FROM THE CHURCH OF PENTECOST,NA,,-0.260506916,5.593804051,"0?? 15' 37.825"" W","5?? 35' 37.695"" N",
4,RITA`S STORE,MADAM RITA,,200293120,OFFICIAL TOWN,BLUE KIOSK,100METRES FROM THE CHURCH OF PENTECOST,NA,,-0.259831428,5.593623225,"0?? 15' 35.393"" W","5?? 35' 37.044"" N",
5,SARAH ENTERPRISE,SARAH ADJEI,,244750898,OFFICIAL TOWN,BLUE KIOSK,NEAR BLUE KIOSK,NA,,-0.259184215,5.592633369,"0?? 15' 33.063"" W","5?? 35' 33.480"" N",
6,JANET STORE,JANET ADJEI,,244874259,OFFICIAL TOWN,BLUE KIOSK,,NA,,-0.259129487,5.59236449,"0?? 15' 32.866"" W","5?? 35' 32.512"" N",
7,VICTORY ENTERPRISE,YAA KISIWA,,243917272,OFFICIAL TOWN,CEMETARY,ALONG OBADZEN STREET,OBADZEN STRRET,,-0.26375278,5.590874947,"0?? 15' 49.510"" W","5?? 35' 27.150"" N",
8,ALL SHALL PASS,JANET ATUUBI,,241506667,OFFICIAL TOWN,CEMETARY,ALONG OBADZEN STREET,OBADZEN STRRET,,-0.263783713,5.590280082,"0?? 15' 49.621"" W","5?? 35' 25.008"" N",
9,SANDI MINI MART,SANDRA,,241601075,OFFICIAL TOWN,ADDY JUNCTION,ALONG OSANKUMAN STREET,OSANKUMAN STREET,,-0.26346579,5.588437584,"0?? 15' 48.477"" W","5?? 35' 18.375"" N",
10,GOD IS MY HELPER,BERNICE BOATENG,,242677389,OFFICIAL TOWN,ADDY JUNCTION,ALONG OSANKUMAN STREET,OSANKUMAN STREET,,-0.262951827,5.588723119,"0?? 15' 46.627"" W","5?? 35' 19.403"" N",
11,NYAME AKWAM,GRACE I. LARBI,,261099065,OFFICIAL TOWN,MARKET,NOT FAR FROM EMLLS PREP. AND JUNIOR HIGH SCHOOL,NA,,-0.261762096,5.588751673,"0?? 15' 42.344"" W","5?? 35' 19.506"" N",
12,HEAVENS GATE NO BRIBE,MAAME,,574970701,KPONE KATAMANSO,KAKASONAKA NO1,DIRECTLY OPPOSITE THE MEGA CHURCH,NA,,-0.015892828,5.738070026,"0?? 0' 57.214"" W","5?? 44' 17.052"" N",
13,EGORGE VENTURES,JENNIFER,,244406490,KPONE KATAMANSO,KAKASONAKA NO1,NEAR THE MEGA CHURCH,NA,,-0.015857136,5.738284178,"0?? 0' 57.086"" W","5?? 44' 17.823"" N",
14,FA MA NYAME,SIS JOYCE,,249099332,KPONE KATAMANSO,KAKASONAKA NO1,NEAR THE MEGA DRIVING INSTITUTE,NA,,-0.014714994,5.73889094,"0?? 0' 52.974"" W","5?? 44' 20.007"" N",
15,ADOM STORE,COMFORT AMEVOR,,267492245,KPONE KATAMANSO,KAKASONAKA NO1,NOT FAR FROM THE MEGA DRIVING INSTITUTE,NA,,-0.014441356,5.740271028,"0?? 0' 51.989"" W","5?? 44' 24.976"" N",
16,ONUA COLD STORE,AUNTIE,,NA,KPONE KATAMANSO,KAKASONAKA NO1,NEAR FIDELITY BANK,NA,,-0.016844612,5.738641097,"0?? 1' 0.641"" W","5?? 44' 19.108"" N",
17,MACENDIS ENT,ANTOANETTE,,576594640,KPONE KATAMANSO,KAKASONAKA NO1,NEAR FIDELITY BANK,NA,,-0.016999277,5.738867146,"0?? 1' 1.197"" W","5?? 44' 19.922"" N",
18,SUZZY STORE,SUSANNA KADINCHINA,,248497890,KPONE KATAMANSO,KAKASONAKA NO1,NEAR THE APOSTOLIC CHURCH,NA,,-0.021781994,5.738379356,"0?? 1' 18.415"" W","5?? 44' 18.166"" N",
19,LORD OF MERCY,JOYCE TACKIE AMANOR,,243438797,KPONE KATAMANSO,KAKASONAKA NO1,NEAR BE LIGHT INTERNATONAL ACADEMY,NA,,-0.02140128,5.740033082,"0?? 1' 17.045"" W","5?? 44' 24.119"" N",
20,AUNTIE MARY STORE,AUNTY MARY,,NA,KPONE KATAMANSO,KAKASONAKA NO1,DIRECTLY OPPOSITE THE FINGER OF GOD CHURCH,NA,,-0.020056884,5.740021184,"0?? 1' 12.205"" W","5?? 44' 24.076"" N",
21,GLORY FAITH PEACE AND LOVE,PEACE,,243921833,KPONE KATAMANSO,KAKASONAKA NO1,NOT FAR FROM FIDELITY BANK,NA,,-0.017915369,5.73981893,"0?? 1' 4.495"" W","5?? 44' 23.348"" N",
22,GOD IS MY HELPER,MADAM,,NA,KPONE KATAMANSO,KAKASONAKA NO1,ADJACENT THE FINGER OF GOD CHURCH,NA,,-0.019533403,5.742412543,"0?? 1' 10.320"" W","5?? 44' 32.685"" N",
23,GOD'S TIME IS THE BEST,ABIGAIL MENSAH,,271311217,KPONE KATAMANSO,KAKASONAKA NO1,150M FROM RHEMA OUTREACH MINISTRY,NA,,-0.019830836,5.742805154,"0?? 1' 11.391"" W","5?? 44' 34.099"" N",
24,MIMI'S ENT,MIMI,,248539644,KPONE KATAMANSO,KAKASONAKA NO1,NOT FAR FROM GBETSILE (K.K.D.A) SCHOOL,NA,,-0.019699965,5.742983613,"0?? 1' 10.920"" W","5?? 44' 34.741"" N",
25,ONYAME AKWAN ENT,AMA SARKODIE,,234752115,KPONE KATAMANSO,KAKASONAKA NO1,,NA,,-0.021627329,5.743400019,"0?? 1' 17.858"" W","5?? 44' 36.240"" N",
26,GOD IS ABLE,DIANA ADU,,276909678,KPONE KATAMANSO,GBETSILE,,NA,,-0.023637973,5.744649236,"0?? 1' 25.097"" W","5?? 44' 40.737"" N",
27,ADOM STORES,SIS FAUSTINA,,244166655,AFIENYA,MATAHEKO,NOT FAR FROM ASSEMBLIES OF GOD CHURCH,NA,,-0.013251626,5.755261632,"0?? 0' 47.706"" W","5?? 45' 18.942"" N",
28,GOD IS GOOD STORE,EDEM,,546988053,AFIENYA,MATAHEKO,ADJACENT VICTORIOUS CHILD MINISTRY,NA,,-0.008766342,5.756534644,"0?? 0' 31.559"" W","5?? 45' 23.525"" N",
29,VICKY SHOP,MADAM VICTORIA,,NA,AFIENYA,MATAHEKO,ADJACENT VICTORIOUS CHILD MINISTRY,NA,,-0.008528396,5.757117612,"0?? 0' 30.702"" W","5?? 45' 25.623"" N",
30,PLEASANT ENT,MADAM MAVIS,,270921982,AFIENYA,MATAHEKO,NEAR VICTORIOUS CHILD MINISTRY,NA,,-0.008433217,5.75739125,"0?? 0' 30.360"" W","5?? 45' 26.608"" N",
31,GOD IS ALIVE PROVISION,SIS KATE,,249378066,AFIENYA,MATAHEKO,NEAR MATAHEKO BASIC SCHOOL,NA,,-0.007921633,5.758473904,"0?? 0' 28.518"" W","5?? 45' 30.506"" N",
32,TSOTSO STORE,TSOTSO,,266697253,AFIENYA,MATAHEKO,DIRECTLY OPPOSITE MATAHEKO BASIC SCHOOL,NA,,-0.007184,5.757998012,"0?? 0' 25.862"" W","5?? 45' 28.793"" N",
33,D.M.A. HOLY TRINITY,MAGDALEN,,243220935,AFIENYA,MATAHEKO,DIRECTLY OPPOSITE MATAHEKO BASIC SCHOOL,NA,,-0.007088822,5.757926628,"0?? 0' 25.520"" W","5?? 45' 28.536"" N",
34,AGGIES STORE,MADAM AGNES,,NA,AFIENYA,MATAHEKO,NEAR A.P. FUEL STATION,NA,,-0.005839605,5.756915357,"0?? 0' 21.023"" W","5?? 45' 24.895"" N",
35,BEE STORE,MADAM BEATRICE,,NA,AFIENYA,MATAHEKO,NOT FAR FROM THE PRESBYTERIAN CHURCH,NA,,-0.00837849,5.762214417,"0?? 0' 30.163"" W","5?? 45' 43.972"" N",
36,THE TRUTH ENT,MAMME,,240167516,AFIENYA,MATAHEKO,NOT FAR FROM FULL GOSPEL CHURCH INTERNATIONAL,NA,,-0.008921007,5.761776596,"0?? 0' 32.116"" W","5?? 45' 42.396"" N",
37,PRINCESS STORE,PRINCESS,,556587434,AFIENYA,MATAHEKO,OPPOSITE THE PRESBYTERIAN CHURCH,NA,,-0.009006667,5.7642322,"0?? 0' 32.424"" W","5?? 45' 51.236"" N",
38,BY HIS GRACE,SIS FAUSTINA,,574427000,AFIENYA,MATAHEKO,NEAR THE PRESBYTERIAN CHURCH,NA,,-0.007959705,5.763366076,"0?? 0' 28.655"" W","5?? 45' 48.118"" N",
39,LIZZY K.K. SHOP,ELIZABETH K.K,,NA,AFIENYA,MATAHEKO,NEAR THE PRESBYTERIAN CHURCH,NA,,-0.007436223,5.763984736,"0?? 0' 26.770"" W","5?? 45' 50.345"" N",
40,ASOMANI STORE,BRA ASOMANI,,547808945,AFIENYA,MATAHEKO,NEAR THE PRESBYTERIAN CHURCH,NA,,-0.007331527,5.763927629,"0?? 0' 26.393"" W","5?? 45' 50.139"" N",
41,AMINA SHOP,AMINA,,201542681,AFIENYA,MATAHEKO,NEAR JESUS POWER MINISTRY,NA,,-0.008102472,5.764708092,"0?? 0' 29.169"" W","5?? 45' 52.949"" N",
42,GOD'S TIME IS THE BEST,CHARLOTTE TETTEH,,243282213,AFIENYA,MATAHEKO,NEAR PRESBYTERIAN CHURCH,NA,,-0.007122134,5.763642094,"0?? 0' 25.640"" W","5?? 45' 49.112"" N",
43,WITH GOD STORE,HELINA,,244635198,AFIENYA,MATAHEKO,NOT FAR FROM JUST ACADEMY,NA,,-0.00665576,5.763508844,"0?? 0' 23.961"" W","5?? 45' 48.632"" N",
44,MICJEK ENT,LYDIA,,NA,AFIENYA,MATAHEKO,NEAR E.C.G CUSTOMER SERVICE,NA,,-0.005589761,5.763366076,"0?? 0' 20.123"" W","5?? 45' 48.118"" N",
45,C.N.N STORE,SIS DEDE,,571712059,AFIENYA,MATAHEKO,NEAR LIFE INTERNATIONAL COLLEGE,NA,,-0.00802633,5.768581855,"0?? 0' 28.895"" W","5?? 46' 6.895"" N",
46,GOD'S WAY PROVISION,MADAM,,574783878,AFIENYA,MATAHEKO,ALONG MATAHEKO WHITE SIGNBOARD,NA,,-0.004219192,5.766754429,"0?? 0' 15.189"" W","5?? 46' 0.316"" N",
47,EVELYN ENT,EVELYN,,NA,AFIENYA,MATAHEKO,ALONG MATAHEKO WHITE SIGNBOARD,NA,,-0.00387655,5.766697322,"0?? 0' 13.956"" W","5?? 46' 0.110"" N",
48,WODASO YE ONYAME,ERNESTINA,,541727687,AFIENYA,MATAHEKO,NEAR ROYAL INTERLLECTUALS SCHOOL,NA,,-0.003619568,5.769514603,"0?? 0' 13.030"" W","5?? 46' 10.253"" N",
49,PAT STORE,PAT,,NA,AFIENYA,MATAHEKO,BEHIND HOTOVEN,NA,,-0.003305479,5.771322994,"0?? 0' 11.900"" W","5?? 46' 16.763"" N",
50,DAILY NEED,MADAM,,244359254,AFIENYA,MATAHEKO,ALONG AKOSOMBO HIGHWAY,AKOSOMBO HIGHWAY,,-5.98941E-05,5.779879536,"0?? 0' 0.216"" W","5?? 46' 47.566"" N",
51,SUNKWA DEPOT,SUNKWA,,547921810,AFIENYA,MATAHEKO,BEHIND DAILY NEEDS SUPERMARKET,NA,,-0.00069759,5.780127,"0?? 0' 2.511"" W","5?? 46' 48.457"" N",
52,J&J SKY LIMITED,JUSTINA,,243487765,AFIENYA,MATAHEKO,CLOSE TO SINGH STEEL LIMITED,NA,,0.000216123,5.782849103,"0?? 0' 0.778"" E","5?? 46' 58.257"" N",
53,NO ONE CAN DO EXCEPT GOD,HAMDIA,,242629813,AFIENYA,MATAHEKO,ALONG MATAHEKO NEWLAND ESTATE,NA,,-0.000707107,5.784467136,"0?? 0' 2.546"" W","5?? 47' 4.082"" N",
54,MAMA FELI'S STORE,FELICIA AGYEKUM,,245950555,AFIENYA,MATAHEKO,NEAR DOMINION BAPTIST CHURCH,NA,,-0.00436196,5.78449569,"0?? 0' 15.703"" W","5?? 47' 4.184"" N",
55,GLORY MINI MART,GLORIA HAMMOND,,242378018,AFIENYA,JERUSALEM,ALONG JERUSALEM MINISTER ROAD,MINISTER ROAD,,-0.018781475,5.784010362,"0?? 1' 7.613"" W","5?? 47' 2.437"" N",
56,JOYCE SHOP,JOYCE ADU,,243777160,AFIENYA,JERUSALEM,ALONG JERUSALEM MINISTER ROAD,MINISTER ROAD,,-0.018876672,5.784600386,"0?? 1' 7.956"" W","5?? 47' 4.561"" N",
57,FLORDON M.A. STORE,FLORENCE DONKOR,,244659564,AFIENYA,JERUSALEM,ADJACENT ERIBEST ELECTRICALS,NA,,-0.016639978,5.787370079,"0?? 0' 59.904"" W","5?? 47' 14.532"" N",
58,SHOPPERS NEEDS,MADAM,,265329736,AFIENYA,JERUSALEM,ALONG JERUSALEM PRESBYTERIAN JUNCTION,PRESBY JUNCTION,,-0.015421694,5.788359935,"0?? 0' 55.518"" W","5?? 47' 18.096"" N",
59,CHEAP SIDE ENT,MADAM,,246443368,AFIENYA,JERUSALEM,NEAR ASSEMBLIES OF GOD CHURCH,NA,,-0.009092328,5.789930379,"0?? 0' 32.732"" W","5?? 47' 23.749"" N",
60,OBREMPONG ENT,AUNTY OBREMPONG,,278309023,AFIENYA,JERUSALEM,NEAR ASSEMBLIES OF GOD CHURCH,NA,,-0.006798528,5.790244468,"0?? 0' 24.475"" W","5?? 47' 24.880"" N",
61,SIJON MINI MART,CECILIA AGYEPONG,,244051078,AFIENYA,JERUSALEM,NEAR PREMPEH ACADEMY,JERUSALEM ROAD,,-0.021503597,5.786037581,"0?? 1' 17.413"" W","5?? 47' 9.735"" N",
62,AMARIA STORE,AMARIA,,NA,AFIENYA,JERUSALEM,OPPOSITE LADY DED'S MONTESSORI,JERUSALEM ROAD,,-0.024244736,5.785171457,"0?? 1' 27.281"" W","5?? 47' 6.617"" N",
63,HEXAGON ENT,HEXAGON,,545248795,KPONE KATAMANSO,GBETSILE,,NA,,-0.025674146,5.74533943,"0?? 1' 32.427"" W","5?? 44' 43.222"" N",
64,MAMA'S KITCHEN FORMULA ENSO NYAME YE,MAMA,,NA,KPONE KATAMANSO,GBETSILE,,NA,,-0.026019168,5.745577376,"0?? 1' 33.669"" W","5?? 44' 44.079"" N",
65,GOD IS GOOD,PATIENCE AGBEVE,,506752208,KPONE KATAMANSO,GBETSILE,,NA,,-0.02623332,5.746410188,"0?? 1' 34.440"" W","5?? 44' 47.077"" N",
66,GOD'S WILL MINI MART,VICENTIA ANTONIA,,202060553,KPONE KATAMANSO,GBETSILE,NEAR MIRACLE OUTREACH MINISTRY,NA,,-0.032526994,5.740996914,"0?? 1' 57.097"" W","5?? 44' 27.589"" N",
67,ENYONAM STORE,SIS ENYONAM,,242838587,KPONE KATAMANSO,GBETSILE,NEAR MIRACLE OUTREACH MINISTRY,NA,,-0.033930876,5.73986667,"0?? 2' 2.151"" W","5?? 44' 23.520"" N",
68,MAT STORE,MADAM MATILDA,,NA,AFIENYA,MATAHEKO,NEAR DIVINE HEALERS CHURCH,NA,,-0.006805021,5.760401418,"0?? 0' 24.498"" W","5?? 45' 37.445"" N",
69,THY WILL BE DONE PROVISION,FAUSTINA,,NA,AFIENYA,MATAHEKO,NOT FAR FROM E.C.G CUSTOMER SERVICE,NA,,-0.004330381,5.761555457,"0?? 0' 15.589"" W","5?? 45' 41.600"" N",
70,MAINSTREAM,MADAM,,NA,AFIENYA,MATAHEKO,ALONG AKOSOMBO HIGHWAY,AKOSOMBO HIGHWAY,,-0.003390494,5.76074644,"0?? 0' 12.206"" W","5?? 45' 38.687"" N",
71,NANCY STORE,SISTER NANCY,,NA,AFIENYA,MATAHEKO,NOT FAR FROM SAINT MATHEW SCHOOL,NA,,-0.005360286,5.754892017,"0?? 0' 19.297"" W","5?? 45' 17.611"" N",
72,NHYIRA SHOP,AGNES BAIDU,,244926125,AFIENYA,MATAHEKO,NOT FAR FROM SAINT MATHEW SCHOOL,NA,,-0.005710067,5.755198967,"0?? 0' 20.556"" W","5?? 45' 18.716"" N",
73,COMMUNITY 25 SUPERMARKET,SISTER FRANCISCA,,244416945,AFIENYA,MATAHEKO,NEAR SAINT MATHEW SCHOOL,NA,,-0.002811883,5.755955636,"0?? 0' 10.123"" W","5?? 45' 21.440"" N",
74,MINI MART,AUNTY GIFTY,,NA,AFIENYA,EMEF'S HILL,BESIDE EMEF'S HILL ESTATE,NA,,0.000179099,5.756312555,"0?? 0' 0.645"" E","5?? 45' 22.725"" N",
75,PAT MINI SHOP,SHELTER,,245373310,AFIENYA,MATAHEKO,NEAR CHRISTIAN REVIVAL CHURCH,NA,,-0.000584708,5.763039291,"0?? 0' 2.105"" W","5?? 45' 46.941"" N",
76,BY HIS GRACE,COMFORT,,242577542,AFIENYA,MATAHEKO,DIRECTLY OPPOSITE THE GREAT MIRACLE FAITH INTERNATIONAL,NA,,0.000343282,5.764312303,"0?? 0' 1.236"" E","5?? 45' 51.524"" N",
77,NEW STORE,IRENE DONKOR,,244959861,AFIENYA,MATAHEKO,ADJACENT ALL PEOPLE'S CONGRESS,NA,,-0.000691783,5.765097525,"0?? 0' 2.490"" W","5?? 45' 54.351"" N",
78,REBECCA STORE,SISTER REBECCA,,244660862,AFIENYA,MATAHEKO,NEAR  ALL PEOPLE'S CONGRESS,NA,,-0.001334238,5.76525219,"0?? 0' 4.803"" W","5?? 45' 54.908"" N",
79,ABUNDANT GRACE,RITA,,26169096,AFIENYA,MATAHEKO,NOT FAR FROM  ALL PEOPLE'S CONGRESS,NA,,0.001211785,5.765954131,"0?? 0' 4.362"" E","5?? 45' 57.435"" N",
80,JOYCE ENTERPRISE,SISTER JOYCE,,NA,AFIENYA,MATAHEKO,NOT FAR FROM  ALL PEOPLE'S CONGRESS,NA,,-0.001524595,5.768404976,"0?? 0' 5.489"" W","5?? 46' 6.258"" N",
81,SHELL MART,SHELL MART,,NA,AFIENYA,MATAHEKO,AT THE SHELL FILLING STATION,AKOSOMBO ROAD,,0.001842343,5.786536469,"0?? 0' 6.632"" E","5?? 47' 11.531"" N",
82,ABUNDANT GRACE SUPER MARKET,MAAME,,243016496,AFIENYA,MATAHEKO,NEAR THE TOLL BOOTH,AKOSOMBO ROAD,,0.001592499,5.784835154,"0?? 0' 5.733"" E","5?? 47' 5.407"" N",
83,GOD IS ABLE  STORE,MAAME,,244655770,AFIENYA,MATAHEKO,NEAR THE TOLL BOOTH,NA,,0.001402142,5.784121316,"0?? 0' 5.048"" E","5?? 47' 2.837"" N",
84,HAJIA,AJARA,,248856158,ADJEI KOJO,UNDER BRIDGE,OPPOSITE TOP OIL,NA,,-0.044179166,5.676971971,"0?? 2' 39.045"" W","5?? 40' 37.099"" N",
85,ZALIA ASAWAH SHOP,ZALIA ASAWAH,,202491205,ADJEI KOJO,SAMMY ADJEI,,GREEN STREET,,-0.05757458,5.686710185,"0?? 3' 27.268"" W","5?? 41' 12.157"" N",
86,FINGER OF GOD,S.K ASAMOAH,,247282770,ADJEI KOJO,SAMMY ADJEI,,GREEN STREET,,-0.056877873,5.686618813,"0?? 3' 24.760"" W","5?? 41' 11.828"" N",
87,LILARTY STORE,SYLVANA,,540861844,ADJEI KOJO,SAMMY ADJEI,,NA,,-0.056946402,5.686904349,"0?? 3' 25.007"" W","5?? 41' 12.856"" N",
88,ASHAIMAN STORE,VIDA,,546683792,ADJEI KOJO,OBAMA DOWN,,NA,,-0.061854159,5.690931428,"0?? 3' 42.675"" W","5?? 41' 27.353"" N",
89,GOLDEN STREET ENTERPRISE,GOLDEN STREET,,NA,ADJEI KOJO,OBAMA JUNCTION,,NA,,-0.059537278,5.687556162,"0?? 3' 34.334"" W","5?? 41' 15.202"" N",
90,MISPAH STORE,MISPAH,,261624476,ADJEI KOJO,SANCITY STATION,,NA,,-0.062217503,5.687521898,"0?? 3' 43.983"" W","5?? 41' 15.079"" N",
91,GRACELAD MART,GRACELAD,,275861073,ADJEI KOJO,SANCITY STATION,,NA,,-0.062885655,5.687105017,"0?? 3' 46.388"" W","5?? 41' 13.578"" N",
92,MAAME REGINA SHOP,MAAME REGINA,,249488583,ADJEI KOJO,SANCITY STATION,,NA,,-0.062914209,5.687419105,"0?? 3' 46.491"" W","5?? 41' 14.709"" N",
93,CORNLIA,CORNLIA,,275736974,ADJEI KOJO,HOPE LAND,,NA,,-0.064492743,5.690772718,"0?? 3' 52.174"" W","5?? 41' 26.782"" N",
94,SALLAH,SALLAH,,547189380,ADJEI KOJO,SANCITY,,NA,,-0.064104098,5.685956689,"0?? 3' 50.775"" W","5?? 41' 9.444"" N",
95,ADOM STORE,ADOM,,505070078,ADJEI KOJO,SANCITY,,NA,,-0.064507655,5.684605155,"0?? 3' 52.228"" W","5?? 41' 4.579"" N",
96,LOVE SHOP,LOVE,,249048368,ADJEI KOJO,SANCITY,,NA,,-0.064450548,5.683615299,"0?? 3' 52.022"" W","5?? 41' 1.015"" N",
97,EL-SHADAI,NANA YAA,,278882001,ADJEI KOJO,SAMMY ADJEI,NOT FAR FROM THE QUEEN'S COURT SCHOOL,NA,,-0.058564713,5.684171141,"0?? 3' 30.833"" W","5?? 41' 3.016"" N",
98,MY REDEEMER LIVES MINI MART,DIANA ANSAH,,244745060,ADJEI KOJO,SAMMY ADJEI,,NA,,-0.057944149,5.682320872,"0?? 3' 28.599"" W","5?? 40' 56.355"" N",
99,EYE NYAME MINI MART,EMMA,,242243673,ADJEI KOJO,PRESBY JUNCTION,,NA,,-0.058139836,5.679921614,"0?? 3' 29.303"" W","5?? 40' 47.718"" N",
100,ISAMYTHY TOO HARD FOR GOD ENTERPRISE,FLESH,,244441509,ADJEI KOJO,PRESBY JUNCTION,OPPOSITE NANETH PRESBY,NA,,-0.058747075,5.679568978,"0?? 3' 31.489"" W","5?? 40' 46.448"" N",
101,THY WILL BE DONE,EDEM,,245887824,ADJEI KOJO,ADOM,,NA,,-0.06213695,5.676457785,"0?? 3' 43.693"" W","5?? 40' 35.248"" N",
102,AGYA PA VENTURES,AGNES,,208071200,ADJEI KOJO,KANEWU,,NA,,-0.062355861,5.676276946,"0?? 3' 44.481"" W","5?? 40' 34.597"" N",
103,MIKONOHIA ENTERPRISE,MICH,,249681450,ADJEI KOJO,KANEWU,,NA,,-0.062660432,5.676000929,"0?? 3' 45.578"" W","5?? 40' 33.603"" N",
104,NYAME NTI,NYAME NTI,,273990234,ADJEI KOJO,KANEWU,,NA,,-0.064210412,5.679978912,"0?? 3' 51.157"" W","5?? 40' 47.924"" N",
105,MADAM PAT STORE,PATIENCE,,NA,ADJEI KOJO,MEDI MOSES STREET,NEAR MEDI MOSES CLINIC,NA,,-0.050670784,5.679863403,"0?? 3' 2.415"" W","5?? 40' 47.508"" N",
106,MAY SHOP,MABEL,,243835734,ADJEI KOJO,MEDI MOSES STREET,OPPOSITE DABS INTERNATIONAL SCHOOL,NA,,-0.052626701,5.677582928,"0?? 3' 9.456"" W","5?? 40' 39.299"" N",
107,MAMA CYNTHIA SHOP,MADAM CYNTHIA,,271915095,ADJEI KOJO,MEDI MOSES STREET,OPPOSITE DABS INTERNATIONAL SCHOOL,NA,,-0.053388129,5.678785983,"0?? 3' 12.197"" W","5?? 40' 43.630"" N",
108,NYAME AYE BI,BERNICE,,243478033,ADJEI KOJO,NIGHT MARKET,OPPOSITE DABS INTERNATIONAL SCHOOL,NA,,-0.052550559,5.681039809,"0?? 3' 9.182"" W","5?? 40' 51.743"" N",
109,AMARIA STORE,AMARIA,,264530718,ASHAIMAN,OLD TULAKU,NEAR E.P. SCHOOL AND CHURCH,NA,,-0.023886362,5.687031665,"0?? 1' 25.991"" W","5?? 41' 13.314"" N",
110,FLORENCE STORE,MADAM FLORENCE,,266491630,ASHAIMAN,OLD TULAKU,INSIDE OLD TULAKU ASHAIMAN,NA,,-0.027012974,5.686274997,"0?? 1' 37.247"" W","5?? 41' 10.590"" N",
111,ALHASSAN MUSA STORE,HAFIS SULEMAN,,264547360,ASHAIMAN,OLD TULAKU,INSIDE OLD TULAKU ASHAIMAN,NA,,-0.02795524,5.687574182,"0?? 1' 40.639"" W","5?? 41' 15.267"" N",
112,MAA FAUSTY STORE,FAUSTINA CUDJOE,,244416755,ASHAIMAN,OLD TULAKU,NEAR BEST POINT SAVINGS AND LOAN,NA,,-0.027855303,5.689458715,"0?? 1' 40.279"" W","5?? 41' 22.051"" N",
113,HAPPY STORE,MERCY SIKA,,243149088,ASHAIMAN,OLD TULAKU,DIRECTLY OPPOSITE UNIBANK,NA,,-0.027555491,5.689601483,"0?? 1' 39.200"" W","5?? 41' 22.565"" N",
114,AMELIA STORE,AMELIA,,NA,ASHAIMAN,OLD TULAKU,NEAR GHANA COMMERCIAL BANK,NA,,-0.026855929,5.689744251,"0?? 1' 36.681"" W","5?? 41' 23.079"" N",
115,FARUK STORE,FARUK MUSAH,,273939096,ASHAIMAN,OLD TULAKU,NEAR GHANA COMMERCIAL BANK,NA,,-0.026684608,5.688916198,"0?? 1' 36.065"" W","5?? 41' 20.098"" N",
116,GYE NYAME,MAA KAFUI,,272234669,ASHAIMAN,OLD TULAKU,ADJACENT OLD TULAKU CHPS COMPOUND,NA,,-0.026484733,5.687617013,"0?? 1' 35.345"" W","5?? 41' 15.421"" N",
117,THE LORD IS MY STRENGTH,VIVIAN ANEFUL,,262511679,ASHAIMAN,OLD TULAKU,BESIDE E.P. SCHOOL AND CHURCH,NA,,-0.025199824,5.686974558,"0?? 1' 30.719"" W","5?? 41' 13.108"" N",
118,LIZZY STORE,MAA ELIZABETH ADABLA,,246023444,ASHAIMAN,MIDDLE EAST,NEAR ST.FRANCIS CLINIC,NA,,-0.024350357,5.687740745,"0?? 1' 27.661"" W","5?? 41' 15.867"" N",
119,USIF STORE,USIF,,NA,ASHAIMAN,OLD TULAKU,ABOUT 150M FROM CHRIST APOSTOLIC CHURCH,NA,,-0.025559123,5.688597351,"0?? 1' 32.013"" W","5?? 41' 18.950"" N",
120,DIVINE INTERVENSION,COMFORT AGBO,,249670989,ASHAIMAN,OLD TULAKU,250M FROM CHRIST APOSTOLIC CHURCH,NA,,-0.025502016,5.689158903,"0?? 1' 31.807"" W","5?? 41' 20.972"" N",
121,FLORENCE STORE,FLORENCE AMETORPOH,,241555003,ASHAIMAN,MIDDLE EAST,250M CHRIST APOSTOLIC CHURCH,NA,,-0.024883356,5.689168421,"0?? 1' 29.580"" W","5?? 41' 21.006"" N",
122,MAA THESS SHOP,THERESA ANKRAH,,244134733,ASHAIMAN,MIDDLE EAST,BEHIND CHRIST APOSTOLIC CHURCH,ABAM KOFI STREET,,-0.023836393,5.688454583,"0?? 1' 25.811"" W","5?? 41' 18.436"" N",
123,DELALI STORE,DELALI AMANKWAH,,NA,ASHAIMAN,MIDDLE EAST,DIRECT OPPOSITE NURU MUSTAFIA ISLAMIC PRIMARY SCHOOL,HOMOWO STREET,,-0.021894753,5.68961576,"0?? 1' 18.821"" W","5?? 41' 22.617"" N",
124,MAUD ENT,MAUD,,242985329,ASHAIMAN,MIDDLE EAST,ALONG QUEENS FLOWER STREET,QUEENS FLOWER STREET,,-0.025080363,5.690557958,"0?? 1' 30.289"" W","5?? 41' 26.009"" N",
125,EXCEL MART,ELIZABETH,,243450589,ASHAIMAN,MIDDLE EAST,AT EXCEL FILLING STATION,NA,,-0.023598447,5.692109435,"0?? 1' 24.954"" W","5?? 41' 31.594"" N",
126,PRISCY STORE,PRISCILLA BENSON,,NA,ASHAIMAN,MIDDLE EAST,NEAR BARCLAYS BANK,HOMOWO STREET,,-0.021799575,5.692556774,"0?? 1' 18.478"" W","5?? 41' 33.204"" N",
127,MATOTO ENT,MATOTO,,NA,ASHAIMAN,MIDDLE EAST,DIRECT OPPOSITE BLESSED CELESTINE PARISH CHURCH,HOMOWO STREET,,-0.021875717,5.691481257,"0?? 1' 18.753"" W","5?? 41' 29.333"" N",
128,NAA STORE,MAA NAA,,NA,ASHAIMAN,MIDDLE EAST,ALONG DR. KUDIABOR CLOSURE,DR. KUDIABOR CLOSE,,-0.021104772,5.690643687,"0?? 1' 15.977"" W","5?? 41' 26.317"" N",
129,HIS MERCIES ENT,CYNTHIA MARTEY,,242151975,ASHAIMAN,MIDDLE EAST,NEAR GHANA FIE SERVICE,W.T. MENSAH STREET,,-0.020124434,5.692870863,"0?? 1' 12.448"" W","5?? 41' 34.335"" N",
130,BRIGHT STORE,MR BRIGHT,,242363124,ASHAIMAN,MIDDLE EAST,NEAR GHANA FIE SERVICE,JASMINE STREET,,-0.020410076,5.692779685,"0?? 1' 13.476"" W","5?? 41' 34.007"" N",
131,THE LORD IS MY SHEPERD,MAA ANGELA,,504022713,ASHAIMAN,MIDDLE EAST,ALONG PACIFIC STREET,PACIFIC STREET,,-0.018601579,5.691405115,"0?? 1' 6.966"" W","5?? 41' 29.058"" N",
132,MONICA'S SHOP,SIS MONICA,,243101596,ASHAIMAN,MIDDLE EAST,ALONG MARIGOLD STREET,MARIGOLD STREET,,-0.018677722,5.691014883,"0?? 1' 7.240"" W","5?? 41' 27.654"" N",
133,AMELIA STORE,AMELIA,,265539397,ASHAIMAN,MIDDLE EAST,ALONG OAK STREET,OAK STREET,,-0.017554616,5.690519955,"0?? 1' 3.197"" W","5?? 41' 25.872"" N",
134,NUMBER ONE SHOP,BETTY MENSAH,,276751950,ASHAIMAN,MIDDLE EAST,NEAR HIGH FIGHT BEAUTY CARE,NA,,-0.017526063,5.691881007,"0?? 1' 3.094"" W","5?? 41' 30.772"" N",
135,SEDOF ENT,SEDOF,,NA,ASHAIMAN,MIDDLE EAST,ALONG ASIEDU STREET,ASIEDU STREET,,-0.016421993,5.691395597,"0?? 0' 59.119"" W","5?? 41' 29.024"" N",
136,GOD'S WAY SHOP,GRANDMA,,NA,ASHAIMAN,MIDDLE EAST,ALONG MPARE STREET,MPARE STREET,,-0.014946727,5.691861971,"0?? 0' 53.808"" W","5?? 41' 30.703"" N",
137,BERNICE STORE,BERNICE MAGARET,,NA,ASHAIMAN,MIDDLE EAST,NEXT FROM BARINE MOTORS EBENEZER STREET,ASIEDU STREET,,-0.015955618,5.690510437,"0?? 0' 57.440"" W","5?? 41' 25.838"" N",
138,THESS STORE,MADAM THERESA,,NA,ASHAIMAN,OFFICIAL TOWN,NOT FAR FROM THE MEGA CHURCH,NA,,-0.024530271,5.695608545,"0?? 1' 28.309"" W","5?? 41' 44.191"" N",
139,AISHATU STORE,AISHATU,,274895680,ASHAIMAN,OFFICIAL TOWN,NEAR ASHAIMAN MUNICIPAL ASSEMBLY OFFICE,NA,,-0.02431612,5.693122008,"0?? 1' 27.538"" W","5?? 41' 35.239"" N",
140,ENSO NYAME YE PROVISION STORE,GLADYS TSIKATA,,NA,ASHAIMAN,OFFICIAL TOWN,NOT FAR FROM ASHAIMAN MUNICIPAL ASSEMBLY OFFICE,NA,,-0.024125763,5.693478927,"0?? 1' 26.853"" W","5?? 41' 36.524"" N",
141,NIMATU STORE,NIMATU,,NA,ASHAIMAN,OFFICIAL TOWN,NOT FAR FROM ASHAIMAN MUNICIPAL ASSEMBLY OFFICE,NA,,-0.02382833,5.693252878,"0?? 1' 25.782"" W","5?? 41' 35.710"" N",
142,ENSO NYAME YE,FLORENCE KUMI,,208214619,ASHAIMAN,OFFICIAL TOWN,NEAR THE MEGA CHURCH,NA,,-0.02290034,5.694299841,"0?? 1' 22.441"" W","5?? 41' 39.479"" N",
143,JESUS IS THE WINNER,SHEPERD,,245460761,ASHAIMAN,OFFICIAL TOWN,ADJACENT MAAME ODOBO HERBAL CENTRE,NA,,-0.024863396,5.693800154,"0?? 1' 29.508"" W","5?? 41' 37.681"" N",
144,SHAIBU STORE,SHAIBU,,NA,ASHAIMAN,OFFICIAL TOWN,OPPOSITE MAAME ODOBO HERBAL CENTRE,NA,,-0.025041855,5.693478927,"0?? 1' 30.151"" W","5?? 41' 36.524"" N",
145,ABDULAI STORE,ABDULAI,,NA,ASHAIMAN,OFFICIAL TOWN,NEAR GLORY FIELD LODGE,NA,,-0.025541542,5.694133279,"0?? 1' 31.950"" W","5?? 41' 38.880"" N",
146,RAHMAN STORE,HABIB,,266720998,ASHAIMAN,OFFICIAL TOWN,OPPOSITE CHRIST HEALING CHURCH PRAYER CENTER,NA,,-0.026707478,5.694168971,"0?? 1' 36.147"" W","5?? 41' 39.008"" N",
147,ABOTSE STORE,ABOTSE AWUDU,,NA,ASHAIMAN,OFFICIAL TOWN,NEAR CHRIST HEALING CHURCH PRAYER CENTER,NA,,-0.027825825,5.693502722,"0?? 1' 40.173"" W","5?? 41' 36.610"" N",
148,SULEY STORE,MR SULEY,,263819930,ASHAIMAN,MANDELA PARK,NEAR DOMESTIC VIOLENCE AND VICTIM SUPPORT UNIT,NA,,-0.027885311,5.690921006,"0?? 1' 40.387"" W","5?? 41' 27.316"" N",
149,HWE DEA AWURADE AYE,NAANA,,NA,ASHAIMAN,OFFICIAL TOWN,NEAR GINFORD PUB,NA,,-0.026386251,5.694609171,"0?? 1' 34.991"" W","5?? 41' 40.593"" N",
150,I AM THAT I AM ENT,NICHOLAS DEY,,246558649,ASHAIMAN,OFFICIAL TOWN,BEHIND SELECTIAL SCHOOL COMPLEX,NA,,-0.026766964,5.695358701,"0?? 1' 36.361"" W","5?? 41' 43.291"" N",
151,GOD IS ABLE,VIDA TEYE,,503878940,ASHAIMAN,OFFICIAL TOWN,NEAR GINFORD PUB,NA,,-0.027409419,5.695549058,"0?? 1' 38.674"" W","5?? 41' 43.977"" N",
152,GOD IS ALIVE,GIFTY BERMA,,243547126,ASHAIMAN,OFFICIAL TOWN,OPPOSITE KETA HOUSE,NA,,-0.025232212,5.694954193,"0?? 1' 30.836"" W","5?? 41' 41.835"" N",
153,SUMANA STORE,SUMANA,,NA,ASHAIMAN,OFFICIAL TOWN,100M TO THE MEGA CHURCH,NA,,-0.024661141,5.694954193,"0?? 1' 28.780"" W","5?? 41' 41.835"" N",
154,THY WILL BE DONE,MAA VICTORIA,,242629129,ASHAIMAN,OFFICIAL TOWN,NEAR THE MEGA CHURCH,NA,,-0.024125763,5.694740041,"0?? 1' 26.853"" W","5?? 41' 41.064"" N",
155,NYAME NA AYE STORE,CEPHAS,,240267777,ASHAIMAN,OFFICIAL TOWN,250M FROM SITIMART PHARMACY,NA,,-0.023162081,5.696369972,"0?? 1' 23.383"" W","5?? 41' 46.932"" N",
156,VERO STORE,MADAM VERONICA,,272135549,ASHAIMAN,OFFICIAL TOWN,250M FROM SITIMART PHARMACY,NA,,-0.023578487,5.696596021,"0?? 1' 24.883"" W","5?? 41' 47.746"" N",
157,EUNICE STORE,SIS EUNICE,,266267187,ASHAIMAN,OFFICIAL TOWN,NEAR SIMART PHARMACY,NA,,-0.024851498,5.696596021,"0?? 1' 29.465"" W","5?? 41' 47.746"" N",
158,NYAME BEKYERE STORE,GIFTY RAYMOND,,NA,ASHAIMAN,OFFICIAL TOWN,NEAR CELESTIA SCHOOL COMPLEX,NA,,-0.025232212,5.696322383,"0?? 1' 30.836"" W","5?? 41' 46.761"" N",
159,GOOD LOOK VENTURES,MADMA GOODLOOK,,NA,ASHAIMAN,OFFICIAL TOWN,NEAR SIMART PHARMACY,NA,,-0.025256007,5.69620341,"0?? 1' 30.922"" W","5?? 41' 46.332"" N",
160,EYE NYAME SHOP,MAAME ESI,,242151058,ASHAIMAN,OFFICIAL TOWN,NEAR OMNI BANK BAY HOUSE,NA,,-0.024982369,5.697726265,"0?? 1' 29.937"" W","5?? 41' 51.815"" N",
161,ALICE ENT,ALICE MUNTAH,,242229232,ASHAIMAN,OFFICIAL TOWN,NEAR OMNI PAYHOUSE,NA,,-0.024958574,5.698225952,"0?? 1' 29.851"" W","5?? 41' 53.613"" N",
162,EUNICE STORE,EUNICE TETTEH,,NA,ASHAIMAN,OFFICIAL TOWN,NEAR OMNI PAYHOUSE,NA,,-0.024613552,5.698083184,"0?? 1' 28.609"" W","5?? 41' 53.099"" N",
163,TRUST IN THE LORD,HEARTWILL,,NA,ASHAIMAN,OFFICIAL TOWN,150M FROM ROYAL CHARISMATIC CHAPEL INTERNATIONAL,NA,,-0.024363709,5.698606666,"0?? 1' 27.709"" W","5?? 41' 54.984"" N",
164,HIS PRESENCE SHOP,MARY LABAH,,246985280,ASHAIMAN,OFFICIAL TOWN,NEAR SAFARIBET,NA,,-0.025232212,5.698642357,"0?? 1' 30.836"" W","5?? 41' 55.112"" N",
165,CONNY STORE,ASIBI COMFORT,,553923102,ASHAIMAN,OFFICIAL TOWN,ADJACENT ROYAL CHARISMATIC CHAPEL INTERNATIONAL,NA,,-0.023007416,5.698606666,"0?? 1' 22.827"" W","5?? 41' 54.984"" N",
166,NEW STORE,ANNACESTIA,,274340418,ASHAIMAN,OFFICIAL TOWN,NEAR KOFI NIMO PARK,NA,,-0.023031211,5.699296709,"0?? 1' 22.912"" W","5?? 41' 57.468"" N",
167,INSHA ALLAHU,AMINA,,245763010,ASHAIMAN,OFFICIAL TOWN,NEAR SAFARIBET,NA,,-0.023852125,5.699296709,"0?? 1' 25.868"" W","5?? 41' 57.468"" N",
168,GOD'S POWER SHOP,MAA JUDITH,,246032525,ASHAIMAN,OFFICIAL TOWN,NEAR SAFARIBET,NA,,-0.024387503,5.69955845,"0?? 1' 27.795"" W","5?? 41' 58.410"" N",
169,ADIZA STORE,ADIZA MUNIRA,,559227086,ASHAIMAN,OFFICIAL TOWN,NEAR SAFARIBET,NA,,-0.024589758,5.699356196,"0?? 1' 28.523"" W","5?? 41' 57.682"" N",
170,ROSETH SHOP,ROSE,,NA,ASHAIMAN,OFFICIAL TOWN,NEAR SAFARIBET,NA,,-0.025624823,5.699130147,"0?? 1' 32.249"" W","5?? 41' 56.869"" N",
171,ELLEN STORE,SIS ELLEN,,272565126,ASHAIMAN,OFFICIAL TOWN,NEAR NAKOPET INTERNATIONAL SCHOOL COMPLEX,NA,,-0.026505224,5.699130147,"0?? 1' 35.419"" W","5?? 41' 56.869"" N",
172,REBECCA STORE,REBECCA,,268549718,ASHAIMAN,OFFICIAL TOWN,CLOSE TO PRINCE AND PRINCESS ACADEMY,NA,,-0.025731899,5.698475795,"0?? 1' 32.635"" W","5?? 41' 54.513"" N",
173,DERBBY STORE,DEBORAH PINTO,,NA,ASHAIMAN,OFFICIAL TOWN,NOT FAR FROM NAKOPET INTERNATONAL SCHOOL COMPLEX,NA,,-0.026505224,5.698475795,"0?? 1' 35.419"" W","5?? 41' 54.513"" N",
174,PEARL STORE,PEARL DARKO,,NA,ASHAIMAN,OFFICIAL TOWN,NOT FAR FROM NAKOPET INTERNATONAL SCHOOL COMPLEX,NA,,-0.026517121,5.698344925,"0?? 1' 35.462"" W","5?? 41' 54.042"" N",
175,AMERIA ENT,AMERIA,,242476440,ASHAIMAN,OFFICIAL TOWN,NEAR THE PRINCE AND PRINCESS ACADEMY,NA,,-0.026659889,5.697976108,"0?? 1' 35.976"" W","5?? 41' 52.714"" N",
176,CHARLLOTE STORE,CHARLLOTE MENSAH,,276126731,ASHAIMAN,OFFICIAL TOWN,NEAR THE PRINCE AND PRINCESS ACADEMY,NA,,-0.027219062,5.69775006,"0?? 1' 37.989"" W","5?? 41' 51.900"" N",
177,KEKELI SHOP,KEKELI,,246581278,ASHAIMAN,OFFICIAL TOWN,NOT FAR FROM CELESTIA SENIOR HIGH SCHOOL,NA,,-0.027683057,5.697976108,"0?? 1' 39.659"" W","5?? 41' 52.714"" N",
178,BROTHER BASH STORE,BROTHER BASH,,NA,ASHAIMAN,CHRISTAIN VILLAGE,NEAR ROYAL CHARISMATIC CHAPEL INTERNATIONAL,NA,,-0.022614805,5.700105726,"0?? 1' 21.413"" W","5?? 42' 0.381"" N",
179,MAKOLA INN,MADAM ESTHER,,203767912,ASHAIMAN,OFFICIAL TOWN,ALONG NMAI STREET,NMAI STREET,,-0.025208417,5.700462645,"0?? 1' 30.750"" W","5?? 42' 1.666"" N",
180,MARY STORE,SIS MARY,,243345449,ASHAIMAN,OFFICIAL TOWN,ADJACENT THE REWARD SCHOOL,ECOMOG STREET,,-0.024792012,5.70092664,"0?? 1' 29.251"" W","5?? 42' 3.336"" N",
181,RICH LOVE ENT,RICH LOVE DAAVI,,NA,ASHAIMAN,OFFICIAL TOWN,ALONG NMAI STREET,NMAI STREET,,-0.025529645,5.701343046,"0?? 1' 31.907"" W","5?? 42' 4.835"" N",
182,JULIANA STORE,SIS JULIANA,,261774066,ASHAIMAN,OFFICIAL TOWN,OPPOSITE SECOND STAGE SPOT,NMAI STREET,,-0.026076921,5.701485813,"0?? 1' 33.877"" W","5?? 42' 5.349"" N",
183,BERNICE STORE,BERNICE YAWSON,,NA,ASHAIMAN,OFFICIAL TOWN,ALONG DOTSEY LANE,DOTSEY LANE,,-0.027897208,5.702211549,"0?? 1' 40.430"" W","5?? 42' 7.962"" N",
184,GRACE STORE,GRACE ADIKWAH,,207209349,ASHAIMAN,OFFICIAL TOWN,100M TO FULL GOSPEL CHURCH INTERNATIONAL,PIG FARM STREET,,-0.025779488,5.702877798,"0?? 1' 32.806"" W","5?? 42' 10.360"" N",
185,ADOM ENT,ADOM,,NA,ASHAIMAN,OFFICIAL TOWN,NEAR SCHNEIDER ACADEMY,CHURCH STREET,,-0.024244736,5.701224073,"0?? 1' 27.281"" W","5?? 42' 4.407"" N",
186,FAUSTY ENT,FAUSTY,,NA,ASHAIMAN,OFFICIAL TOWN,DIRECTLY OPPOSITE SCHNEIDER ACADEMY,CHURCH STREET,,-0.024101968,5.701711862,"0?? 1' 26.767"" W","5?? 42' 6.163"" N",
187,GOD IS GREAT,MAA PEACE,,NA,ASHAIMAN,CHRISTAIN VILLAGE,DIRECTLY OPPOSITE RESTORE HOPE ACADEMY,ROYAL STREET,,-0.022674291,5.702508982,"0?? 1' 21.627"" W","5?? 42' 9.032"" N",
188,JENA STORE,MAMA JENA,,244535381,ASHAIMAN,CHRISTAIN VILLAGE,NEAR RESTORE HOPE ACADEMY,NENE KABU ABEBREH STREET,,-0.022995519,5.701473916,"0?? 1' 22.784"" W","5?? 42' 5.306"" N",
189,SADEL STORE,FAUSTINA SADEL,,208300829,ASHAIMAN,CHRISTAIN VILLAGE,ALONG AMERICA MAN STREET,AMERICA MAN STREET,,-0.022127015,5.70136684,"0?? 1' 19.657"" W","5?? 42' 4.921"" N",
190,RINITA STORE,RINITA,,242985255,ASHAIMAN,CHRISTAIN VILLAGE,ALONG SEIDU STREET CANNAN HOUSE,SEIDU STREET,,-0.020401906,5.70229483,"0?? 1' 13.447"" W","5?? 42' 8.261"" N",
191,NANA AND SONS VENTURES,NANA,,545405221,ASHAIMAN,CHRISTAIN VILLAGE,NEAR EBENEZER SCHOOL,MONODENBO STREET,,-0.022115118,5.703603534,"0?? 1' 19.614"" W","5?? 42' 12.973"" N",
192,JESUS IS THE KING OF KINGS,STELLA YEBOAH,,542550387,ASHAIMAN,CHRISTAIN VILLAGE,NEAR PENIEL GRACE ACADEMY,SEIDU STREET,,-0.021187128,5.704043734,"0?? 1' 16.274"" W","5?? 42' 14.557"" N",
193,MRS OSEI  ANITA'S SHOP,MRS ANITA OSEI,,243750006,ASHAIMAN,CHRISTAIN VILLAGE,NEAR GOSPEL BAPTIST CHURCH,SEIDU STREET,,-0.021163334,5.703544047,"0?? 1' 16.188"" W","5?? 42' 12.759"" N",
194,EVELYN SHOP,SISTER EVELYN,,243685103,ASHAIMAN,OFFICIAL TOWN,NEAR FULL GOSPEL CHURCH INTERNATIONAL,BOATENG STREET,,-0.023935406,5.703770096,"0?? 1' 26.167"" W","5?? 42' 13.572"" N",
195,GOD WILL MAKE A WAY,GLORIA ADEPA,,244443559,ASHAIMAN,CHRISTAIN VILLAGE,ALONG MMODENBO STREET,MONODENBO STREET,,-0.022555318,5.704852751,"0?? 1' 21.199"" W","5?? 42' 17.470"" N",
196,SOLACE STORE,SOLACE,,NA,ASHAIMAN,CHRISTAIN VILLAGE,ALONG CENTRAL STREET,CENTRAL STREET,,-0.019914117,5.701937911,"0?? 1' 11.691"" W","5?? 42' 6.976"" N",
197,CHARLOTTE STORE,CHARLOTTE,,277686606,ASHAIMAN,CHRISTAIN VILLAGE,BEHIND MMODENBO STREET,MONODENBO STREET,,-0.023661768,5.706637346,"0?? 1' 25.182"" W","5?? 42' 23.894"" N",
198,THE LORD IS MY SHEPERD ENT,PATIENCE,,244165133,ASHAIMAN,NEW TULAKU,NEAR NEW TULAKU POLICE STATION,AFIENYA ROAD,,-0.01480001,5.702640002,"0?? 0' 53.280"" W","5?? 42' 9.504"" N",
199,EDDIS SHOP,MUMIRA,,507661693,ASHAIMAN,NEW TULAKU,NEAR NEW TULAKU POLICE STATION,AFIENYA ROAD,,-0.01462155,5.701735807,"0?? 0' 52.638"" W","5?? 42' 6.249"" N",
200,AISHA STORE,SISTER AISHA,,NA,ASHAIMAN,NEW TULAKU,NEAR PACIFIC FUEL STATION,AFIENYA ROAD,,-0.014573961,5.701426477,"0?? 0' 52.466"" W","5?? 42' 5.135"" N",
201,THESS STORE,THERESA ACQUAH,,NA,ASHAIMAN,PROMISE LAND,ALONG BORBORDZI STREET,BORBORDZI STREET,,-0.016667887,5.701878575,"0?? 1' 0.004"" W","5?? 42' 6.763"" N",
202,CONTAINER,MOHAMMED SANI,,238500333,ASHAIMAN,ROUND ABOUT,NEAR ASHAIMAN ROUNDABOUT,ASHAIMAN ROUNDABOUT,,-0.014764318,5.697869183,"0?? 0' 53.152"" W","5?? 41' 52.329"" N",
203,STELLA'S SUPERMARKET,MADAM STELLA,,208337862,ASHAIMAN,ROUNDABOUT,NEAR ASHAIMAN ROUNDABOUT,NA,,-0.016156302,5.696679453,"0?? 0' 58.163"" W","5?? 41' 48.046"" N",
204,ALINCO MART,GLADYS ADDAE,,248388671,ASHAIMAN,MIDDLE EAST,AT ALINCO OIL STATION,NA,,-0.019297191,5.694763987,"0?? 1' 9.470"" W","5?? 41' 41.150"" N",
205,BY HIS GRACE,STANLEY,,540339380,ASHAIMAN,MIDDLE EAST,ALONG ANNAN STEET / DIRECTOR OPPOSISTE ST. BERNARD FAMIKY,ANNAN STREET,,-0.014431193,5.695751463,"0?? 0' 51.952"" W","5?? 41' 44.705"" N",
206,DAARI ENT,BERNICE FIATOH,,245124856,ASHAIMAN,MIDDLE EAST,ALONG ACHAAB STREET,ACHAAB CRESCENT,,-0.014883291,5.694418965,"0?? 0' 53.580"" W","5?? 41' 39.908"" N",
207,JAMILATU STORE,JAMILATU MOHAMMED,,NA,ASHAIMAN,MIDDLE EAST,ADJACENT GHANA FIE SERVICE,CELESTINA STREET,,-0.020736765,5.692134682,"0?? 1' 14.652"" W","5?? 41' 31.685"" N",
208,DIVINE FAVOUR STORE,MARY OFORIWAA,,247242589,ASHAIMAN,OFFICIAL TOWN,NEAR THE PRINCE AND PRINCESS ACADEMY,NA,,-0.026161936,5.697738313,"0?? 1' 34.183"" W","5?? 41' 51.858"" N",
209,GOOD MORNING STORE,MAMME,,NA,ASHAIMAN,MIDDLE EAST,ALONG ANNAN STREET,ANNAN STREET,,-0.01506175,5.690683211,"0?? 0' 54.222"" W","5?? 41' 26.460"" N",
210,A VENTURES,RUTH ADU KYEREME,,244883846,ASHAIMAN,MIDDLE EAST,ALONG ANNAN STREET,ANNAN STREET,,-0.016001637,5.693229234,"0?? 0' 57.606"" W","5?? 41' 35.625"" N",
211,WHAT IS WRITTEN IS WRITTEN,AUNTIE IRENE,,247901180,ASHAIMAN,TIMBER MARKET,BESIDE ASHAIMAN TIMBER MARKET,TIMBER MARKET STREET,,-0.013439735,5.696980985,"0?? 0' 48.383"" W","5?? 41' 49.132"" N",
212,RITEE COMPANY LIMITED,RITA AFRIYIE,,249104840,ASHAIMAN,TIMBER MARKET,NEAR ASHAIMAN TIMBER MARKET,GOLF CITY ROAD,,-0.013168476,5.69863709,"0?? 0' 47.407"" W","5?? 41' 55.094"" N",
213,INSHA ALLAHU ENTERPRISE,UZEMA,,503870677,ASHAIMAN,TIMBER MARKET,NEAR ASHAIMAN TIMBER MARKET,GOLF CITY STREET,,-0.012035853,5.699479419,"0?? 0' 43.329"" W","5?? 41' 58.126"" N",
214,YEHOWA NE ME HWEFO,GRACE,,249838573,ASHAIMAN,TIMBER MARKET,AT ASHAIMAN TIMBER MARKET,TIMBER MARKET STREET,,-0.012321388,5.697813796,"0?? 0' 44.357"" W","5?? 41' 52.130"" N",
215,EDITH STORE,SISTER EDITH,,NA,ASHAIMAN,TIMBER MARKET,OPPOSITE GHANA WATER COMPANY LIMITED,,,-0.008585634,5.701444854,"0?? 0' 30.908"" W","5?? 42' 5.201"" N",
216,GODS TIME IS THE BEST,MRS JANE DEMU,,266060613,ASHAIMAN,TIMBER MARKET,ON THE GOLF CITY ROAD,GOLF CITY STREET,,-0.008005046,5.70181605,"0?? 0' 28.818"" W","5?? 42' 6.538"" N",
217,BY HIS GRACE ENTERPRISE,MAMA,,NA,ASHAIMAN,NEW QUARTERS,ON RIGHT SHOULDERS OF ADOM STREET,ADOM CLOSE,,-0.039621793,5.682176091,"0?? 2' 22.638"" W","5?? 40' 55.834"" N",
218,GOD FIRST,VERONICA AWUAHRITA,,208331517,ASHAIMAN,NEW QUARTERS,CLOSE TO THE OLD ROMAN CATHOLIC SCHOOL NEW QUARTERS,ARTHUR STREET,,-0.041989357,5.684472271,"0?? 2' 31.162"" W","5?? 41' 4.100"" N",
219,RITA ENTERPRISE,RITA,,NA,ASHAIMAN,NEW QUARTERS,CLOSE TO THE OLD ROMAN CATHOLIC SCHOOL NEW QUARTERS,ARTHUR STREET,,-0.041727616,5.684496066,"0?? 2' 30.219"" W","5?? 41' 4.186"" N",
220,BLUE ZONE ENTERPRISE,BLUE ZONE,,264040663,ASHAIMAN,ROMAN,OPPOSITE CHRISDOF INTERNATIONAL SCHOOL,NA,,-0.043488417,5.685840461,"0?? 2' 36.558"" W","5?? 41' 9.026"" N",
221,AMERIA`S STORE,AMERIA FALIATU,,274563562,ASHAIMAN,ROMAN,NEAR NATHANIEL SCHOOL COMPLEX,ATANKPA TETTEY STRRET,,-0.042489044,5.689885545,"0?? 2' 32.961"" W","5?? 41' 23.588"" N",
222,ADOM BE STORE,ADOM,,243616925,ASHAIMAN,ASENSU,ON LEFT SHOULDERS OF ASENSU STREET,ASENSU STREET,,-0.041501568,5.689695188,"0?? 2' 29.406"" W","5?? 41' 22.903"" N",
223,THE BLOOD OF JESUS SAVES PROVISION STORE,LILIAN,,243315434,ASHAIMAN,ASENSU,ON RIGHT SHOULDERS OF ASENSU STREET,ASENSU STREET,,-0.039312463,5.691206146,"0?? 2' 21.525"" W","5?? 41' 28.342"" N",
224,ADOM BI  NTI STORE,MAMA COMFORT,,244903141,ASHAIMAN,ASENSU,ON RIGHT SHOULDERS OF ASENSU STREET,ASENSU STREET,,-0.038788982,5.691598757,"0?? 2' 19.640"" W","5?? 41' 29.756"" N",
225,MARANATHA PROVISION STORE,GLADYS ADDO,,244942456,ASHAIMAN,ASENSU,RIGHT AT THE ASENSU BAR HOUSE,ASENSU STREET,,-0.038527241,5.691777217,"0?? 2' 18.698"" W","5?? 41' 30.398"" N",
226,BABA STORE,BASHIRU,,267630031,ASHAIMAN,OBAKATSE,ON RIGHT SHOULDERS OF OBAKATSE DOKU STREET,OBAKATSE DOKU STREET,,-0.037706327,5.69153927,"0?? 2' 15.743"" W","5?? 41' 29.541"" N",
227,NYAME AKWAN,NYAME AKWAN,,NA,ASHAIMAN,OBAKATSE,ON LEFT SHOULDERS OF OBAKATSE DOKU STREET,OBAKATSE DOKU STREET,,-0.038098938,5.691206146,"0?? 2' 17.156"" W","5?? 41' 28.342"" N",
228,ISHA`S STORE,ISHA ISIFU,,NA,ASHAIMAN,OBAKATSE,ON RIGHT SHOULDERS OF OBAKATSE DOKU STREET,OBAKATSE DOKU STREET,,-0.039110209,5.690718356,"0?? 2' 20.797"" W","5?? 41' 26.586"" N",
229,SUKUTOR ENTERPRISE,SUKUTOR,,244094197,ASHAIMAN,OBAKATSE,HOUSE NO.25 OBAKATSE DOKU STREET,OBAKATSE DOKU STREET,,-0.039407642,5.690492308,"0?? 2' 21.868"" W","5?? 41' 25.772"" N",
230,SPIRIT OF HEAVEN,SPIRIT OF HEAVEN,,NA,ASHAIMAN,OBAKATSE,ON LEFT SHOULDERS OF DOKU STREET FROM ROMAN,DOKU STREET,,-0.040347529,5.689266885,"0?? 2' 25.251"" W","5?? 41' 21.361"" N",
231,DONT GIVE UP ENTERPRISE,HELINA,,276169664,ASHAIMAN,OBAKATSE,ON RIGHT SHOULDERS OF DOKU STREET FROM ROMAN,DOKU STREET,,-0.040823421,5.689243091,"0?? 2' 26.964"" W","5?? 41' 21.275"" N",
232,PESWA TORE,PESWA,,208155437,ASHAIMAN,OBAKATSE,AT THE PESWA PLAZA HOUSE,AGOE STREET,,-0.040192864,5.689088426,"0?? 2' 24.694"" W","5?? 41' 20.718"" N",
233,MUSAH STORE,MUSAH MORO,,263321554,ASHAIMAN,MONICA LANE,ON RIGHT SHOULDERS OF DOKU STREET FROM ROMAN,AKWETIA STREET,,-0.036290548,5.691693935,"0?? 2' 10.646"" W","5?? 41' 30.098"" N",
234,MOHAMMED ENTERPRISE,MOHAMMED,,NA,ASHAIMAN,MONICA LANE,NEAR TV HOUSE,SHEIBU SHABAN STREET,,-0.036814029,5.692038957,"0?? 2' 12.531"" W","5?? 41' 31.340"" N",
235,NURU STORE,NURU,,277745327,ASHAIMAN,ASENSU BAR,ASENSU BAR ROUND ABOUT,DOKU STREET,,-0.037325613,5.692288801,"0?? 2' 14.372"" W","5?? 41' 32.240"" N",
236,GOD IS ABLE,GOD IS ABLE,,242649971,ASHAIMAN,KOKWEITSE,HOUSE NO. 64 KOKWEITSE STREET,KOKWEITSE STREET,,-0.036254856,5.690765946,"0?? 2' 10.517"" W","5?? 41' 26.757"" N",
237,FLORENCE ENTERPRISE,MADAM FLORENCE,,248738545,ASHAIMAN,KOKWEITSE,AT HOUSE NO. 46,KOKWEITSE STREET,,-0.037301819,5.689837956,"0?? 2' 14.287"" W","5?? 41' 23.417"" N",
238,AKPEFA PROVISION STORE,AKPEFA FAFA,,NA,ASHAIMAN,KOKWEITSE,AT HOUSE NO.10,KOKWEITSE STREET,,-0.039728869,5.688077155,"0?? 2' 23.024"" W","5?? 41' 17.078"" N",
239,ANNATU STORE,ANNATU,,266708692,ASHAIMAN,KOKWEITSE,AT HOUSE NO.6,KOKWEITSE STREET,,-0.039788356,5.687672646,"0?? 2' 23.238"" W","5?? 41' 15.622"" N",
240,FUHAMIRA ENTERPRISE,FUSEINA,,261618052,ASHAIMAN,AQKWEI ALLAH,NEAR ADAMS ACADEMY,AKWEI ALLAH STREET,,-0.037527868,5.689028939,"0?? 2' 15.100"" W","5?? 41' 20.504"" N",
241,PAULINA ENTERPRISE,PAULINA,,541584703,ASHAIMAN,AGEGE MARKET,AT THE AGEGE MARKET,ALHAJI ALHASSAN STREET,,-0.037111462,5.688898069,"0?? 2' 13.601"" W","5?? 41' 20.033"" N",
242,AWURADE NE ME HAN,MARTHA,,NA,ASHAIMAN,ALHAJI ALHASSAN,ON RIGHT SHOULDERS OF AGOE STREET FROM PESWA PLAZA,AGOE STREET,,-0.038836571,5.687042089,"0?? 2' 19.812"" W","5?? 41' 13.352"" N",
243,RAZAK ENTERPRISE,BROTHER RAZAK,,266513229,ASHAIMAN,ESIKAFOAMBA NTEM,AT HOUSE NO. 4,AKAKADE STREET,,-0.038991236,5.685971332,"0?? 2' 20.368"" W","5?? 41' 9.497"" N",
244,GOD`S TIME ENTERPRISE,PHILLOMINA,,244989204,ASHAIMAN,ZONGO LAKA,AT HOUSE NO. 24,AFENYO STREET,,-0.038265501,5.687065884,"0?? 2' 17.756"" W","5?? 41' 13.437"" N",
245,YAA ALLAH,SEIDU,,NA,ASHAIMAN,EXCELLENCE,AT HOUSE NO. 20,AKAKADE STREET,,-0.037753916,5.687042089,"0?? 2' 15.914"" W","5?? 41' 13.352"" N",
246,BABA STORE,BABA NASIRU,,NA,ASHAIMAN,ZONGO LAKA,AT HOUSE NO. 30,AKAKADE STREET,,-0.037289922,5.687410906,"0?? 2' 14.244"" W","5?? 41' 14.679"" N",
247,ABBY`S SUPERMARKET,ABIGAIL,,NA,ASHAIMAN,NIGHT MARKET,CLOSE THY WILL JEWELLRY BUILDING,AFENYO STREET,,-0.035362558,5.689516729,"0?? 2' 7.305"" W","5?? 41' 22.260"" N",
248,VICTORY ENTERPRISE,RITA ARHIN,,NA,ASHAIMAN,NIGHT MARKET,CLOSE THY WILL JEWELLRY BUILDING,AFENYO STREET,,-0.034720104,5.689718983,"0?? 2' 4.992"" W","5?? 41' 22.988"" N",
249,MAWUMAPE,MAWUMAPE,,242508422,ASHAIMAN,ZONGO LAKA,AT HOUSE NO. 52,IBRAHIM MAIDAMO STREET,,-0.034776814,5.687788348,"0?? 2' 5.197"" W","5?? 41' 16.038"" N",
250,ALHASSAN STORE,ALHASSAN,,262322292,ASHAIMAN,ZONGO LAKA,AT HOUSE NO. 42,IBRAHIM MAIDAMO STREET,,-0.035145631,5.687443326,"0?? 2' 6.524"" W","5?? 41' 14.796"" N",
251,ALL IS WELL,EVELYN,,245852783,ASHAIMAN,NEW QUARTERS,DIRECTLY OPPOSITE CHURCH OF THE LORD MISSION,ATANKPA TETTEY STREET,,-0.038453081,5.683386345,"0?? 2' 18.431"" W","5?? 41' 0.191"" N",
252,UNIQUE ENTERPRISE,UNIQUE,,NA,ASHAIMAN,NEW QUARTERS,ON RIGHT SHOULDERS OF POTURPHY STREET,PORTURPHY STREET,,-0.038869487,5.683386345,"0?? 2' 19.930"" W","5?? 41' 0.191"" N",
253,GLADYS ENTERPRISE,GLADYS,,NA,ASHAIMAN,ESIKAFOAMBA NTEM,CLOSE TO CHURCH OF THE LORD MISSION,ROCKY STREET,,-0.038250827,5.683576702,"0?? 2' 17.703"" W","5?? 41' 0.876"" N",
254,SALIS ENTERPRISE,SALIS,,542758181,ASHAIMAN,ZONGO LAKA,ON THE LEFT SHOULDERS OF AGOE STREET FROM PESWA HOUSE,AGOE STREET,,-0.037025405,5.685361297,"0?? 2' 13.291"" W","5?? 41' 7.301"" N",
255,I.K NYAME,MAMA FELICIA,,241376267,ASHAIMAN,ZOGO LAKA,ON THE LEFT SHOULDERS OF AGOE STREET FROM PESWA HOUSE,AGOE STREET,,-0.036954021,5.685254222,"0?? 2' 13.034"" W","5?? 41' 6.915"" N",
256,ZULIA ENTERPRISE,ZULIA,,246684464,ASHAIMAN,ZONGO LAKA,NOT FAR FROM ACURACY ACADEMY,ROCKY STREET,,-0.035459719,5.685358918,"0?? 2' 7.655"" W","5?? 41' 7.292"" N",
257,FELICIA PROVISION STORE,FELICIA,,NA,ASHAIMAN,ZONGO LAKA,ON A BRANCH ROOT FACING THE KUFOUR STATION,ROCKY STREET,,-0.033965418,5.686729488,"0?? 2' 2.276"" W","5?? 41' 12.226"" N",
258,GIFTY SHOP,SISTER GIFTY,,546198917,ASHAIMAN,ZONGO LAKA,ON A BRANCH ROOT FACING THE KUFOUR STATION,ROCKY STREET,,-0.033851204,5.686739005,"0?? 2' 1.864"" W","5?? 41' 12.260"" N",
259,JOE BLESS,JOE BLESS,,NA,ASHAIMAN,MAIN STATION,OPPOSITE ASHAIMAN MAIN STATION,ROCKY STREET,,-0.032842312,5.687614647,"0?? 1' 58.232"" W","5?? 41' 15.413"" N",
260,SAHATU ENTERPRISE,SAHADATU,,266720364,ASHAIMAN,ENGENE,OPPOSITE ENGEN FILLING STATION,NA,,-0.028844818,5.686348774,"0?? 1' 43.841"" W","5?? 41' 10.856"" N",
261,EUNICE VENTURES,EUNICE,,NA,ASHAIMAN,FITTER LINE,AT THE ASHAIMAN FITTER YARD,NA,,-0.030434298,5.684616526,"0?? 1' 49.563"" W","5?? 41' 4.619"" N",
262,FELICIA ENTERPRISE,FELICIA,,246818531,ASHAIMAN,TULAKU,ADJACENT THE SUPERBET BUILDING,NA,,-0.029425406,5.688433182,"0?? 1' 45.931"" W","5?? 41' 18.359"" N",
263,PISTY PEE ENTERPRISE,NAA ASHOKOR,,241017962,ASHAIMAN,TULAKU,NEAR TULAKU NDC YOUTH CENTRE,NA,,-0.028578318,5.6879097,"0?? 1' 42.882"" W","5?? 41' 16.475"" N",
264,AUNTY MABEL ENTERPRISE,AUNTY MABEL,,244127381,ASHAIMAN,MARKET,NEAR THE ECOBANK BUILDING,NA,,-0.028178569,5.690422411,"0?? 1' 41.443"" W","5?? 41' 25.521"" N",
265,PATIENCE STORE,PATIENCE,,245057064,ASHAIMAN,ADAKOJI,ON LEFT SHOULDERS OF MANDELA STREET FROM ECOBANK,MANDELA STREET,,-0.028711568,5.692145141,"0?? 1' 43.362"" W","5?? 41' 31.723"" N",
266,ELIS ENTERPRISE,ELIZABETH MANU,,241112435,ASHAIMAN,ADAKOJI,ON RIGHT SHOULDERS OF MANDELA STREET FROM ECOBANK,MANDELA STREET,,-0.02861639,5.692592479,"0?? 1' 43.019"" W","5?? 41' 33.333"" N",
267,AMENUVEVE MINI MARKET,AMENUVEVE,,556825569,ASHAIMAN,ADAKOJI,NOT FAR FROM BIGOCA ROYALS ACADEMY,NA,,-0.029177942,5.693439568,"0?? 1' 45.041"" W","5?? 41' 36.382"" N",
268,SADAM ENTERPRISE,SADAM,,246386827,ASHAIMAN,ADAKOJI,NOT FAR FROM BIGOCA ROYALS ACADEMY,NA,,-0.029196978,5.694096299,"0?? 1' 45.109"" W","5?? 41' 38.747"" N",
269,GIVERS NEVER LACK,SAFIA ALHASSAN,,503804305,ASHAIMAN,BIG BOLA,NOT FAR FROM THE MICHELCAMP TROTRO STATION,NA,,-0.030082138,5.692278391,"0?? 1' 48.296"" W","5?? 41' 32.202"" N",
270,BELINDA`S SHOP,BELINDA,,275596910,ASHAIMAN,BIG BOLA,NOT FAR FROM THE ASSEMBLIES OF GOD CHURCH,NA,,-0.031224279,5.692697176,"0?? 1' 52.407"" W","5?? 41' 33.710"" N",
271,HAMIDA`S,AMIDU,,NA,ASHAIMAN,COURT,CLOSE TO MUSAMA DISCO CHRISTO CHURCH,NA,,-0.031890528,5.693353907,"0?? 1' 54.806"" W","5?? 41' 36.074"" N",
272,MIGHTY PROVISIONS,LIZZY,,NA,ASHAIMAN,COURT,DIRECTLY OPPOSITE MUSAMA DICO CHRISTO CHURCH,NA,,-0.032118956,5.693077889,"0?? 1' 55.628"" W","5?? 41' 35.080"" N",
273,JENNIFER`S PROVISIONS,JENNIFER,,209376600,ASHAIMAN,COURTCOURT,NEAR MUSAMA DISCO CHRISTO CHURCH,NA,,-0.032423527,5.693182586,"0?? 1' 56.725"" W","5?? 41' 35.457"" N",
274,THANK YOU JESUS,THANK YOU JESUS,,NA,ASHAIMAN,COURT,NEAR MUSAMA DISCO CHRISTO CHURCH,NA,,-0.032252206,5.693791728,"0?? 1' 56.108"" W","5?? 41' 37.650"" N",
275,HIS NAME IS JESUS,MAGARET,,241923333,ASHAIMAN,COURT,NOT FAR FROM MUSAMA DISCOCHRISTO CHURCH,NA,,-0.032670991,5.694153406,"0?? 1' 57.616"" W","5?? 41' 38.952"" N",
276,WALK BY FAITH MEGA SHOP,WALK BY FAITH,,NA,ASHAIMAN,WST. MARY`S,DIRECTLY OPPOSITE ST. MARY`S INTERNATIONAL SCHOOL,NII ADJEI AKANSA STREET,,-0.03408915,5.690584214,"0?? 2' 2.721"" W","5?? 41' 26.103"" N",
277,ABU`S PROVISIONS,MR ABU,,244083313,ASHAIMAN,MAMOMI ZONGO,ON RIGHT SHOULDERS OF ATTA FIO STREET FROM METHODIAT CHURCH,ATTA FIO STREET,,-0.034060596,5.691964302,"0?? 2' 2.618"" W","5?? 41' 31.071"" N",
278,BASHIRU`S ENTERPRISE,BASHIRU,,NA,ASHAIMAN,MAMOMI ZONGO,ON LEFT SHOULDERS OF ATTA FIO STREET FROM METHODIAT CHURCH,ATTA FIO ATREET,,-0.03373699,5.691964302,"0?? 2' 1.453"" W","5?? 41' 31.071"" N",
279,YEHODRO,YEHODRO,,NA,ASHAIMAN,MAMOMI ZONGO,DIRECTLY OPPOSITE ST. PETER METHODIST CHURCH,NII TETTEH AMU STREET,,-0.033623121,5.69241345,"0?? 2' 1.043"" W","5?? 41' 32.688"" N",
280,REDEEMER ENTERPRISE,REDEEMER,,243487632,ASHAIMAN,MAMOMI ZONGO,AT HOUSE NO. 14,MALAN MALLAMS STREET,,-0.034586803,5.692556218,"0?? 2' 4.512"" W","5?? 41' 33.202"" N",
281,HAJARA`S STORE,HAJARA,,244731729,ASHAIMAN,MAMOMI ZONGO,AT HOUSE NO. 22,AFENYO STREET,,-0.034860441,5.691759098,"0?? 2' 5.498"" W","5?? 41' 30.333"" N",
282,SUMAILA`S PROVIAIONS,SUMAILA,,276570471,ASHAIMAN,VALCO FLAT,ALONG CHIEF H. KOTOKONLI STREET,CHIEF H. KOTOKONLI STREET,,-0.035717047,5.693115391,"0?? 2' 8.581"" W","5?? 41' 35.215"" N",
283,ANOINTING SHOP,OLIVIA SABLAH,,545249830,ASHAIMAN,VALCO FLAT,AT HOUSE NO. 22,CHIEF H. KOTOKONLI STREET,,-0.036059689,5.693115391,"0?? 2' 9.815"" W","5?? 41' 35.215"" N",
284,IF JESUS SAYS YES,MADAM THERESA,,242525741,ASHAIMAN,VALCO FLAT,ADJACENT LIMIT INN FOOD JOINT,CHIEF H. KOTOKONLI STREET,,-0.036097761,5.692772749,"0?? 2' 9.952"" W","5?? 41' 33.982"" N",
285,HAMZAH STORE,HAMZA,,NA,ASHAIMAN,VALCO FLAT,DIRECTLY OPPOSITE NPP OFFICE,TETEH ARMAH STREET,,-0.036192939,5.693210569,"0?? 2' 10.295"" W","5?? 41' 35.558"" N",
286,MCCLYNN ENTERPRISE,GLADYS LAWEA,,243901145,ASHAIMAN,VALCO FLAT,DIRECTLY OPPOSITE VALCO FLAT BUILDING,NII TETTEH AMU STREET,,-0.034869959,5.694657282,"0?? 2' 5.532"" W","5?? 41' 40.766"" N",
287,MORDA VENTURES,MORDA,,206523070,ASHAIMAN,VALCO FLAT,AT HOUSE NO. A/347,AMAH DOKU STREET,,-0.035945475,5.694676317,"0?? 2' 9.404"" W","5?? 41' 40.835"" N",
288,GOD`S TIME SUPERMARKET,FATHER,,NA,ASHAIMAN,FREE TOWN,UON THE CHIEF DRIVER LANE,CHIEF DRIVER STREET,,-0.037982294,5.694076693,"0?? 2' 16.736"" W","5?? 41' 38.676"" N",
289,AISHA STORE,AISHA,,NA,ASHAIMAN,FREE TOWN,UON THE CHIEF DRIVER LANE,CHIEF DRIVER STREET,,-0.037649169,5.694324157,"0?? 2' 15.537"" W","5?? 41' 39.567"" N",
290,HADIR STORE,HADIR,,277415859,ASHAIMAN,FREE TOWN,UON THE CHIEF DRIVER LANE,CHIEF DRIVER STREET,,-0.037059063,5.694562103,"0?? 2' 13.413"" W","5?? 41' 40.424"" N",
291,HWE DIE AWURADE AYE,ELIZABETH AGYAPONG,,NA,ASHAIMAN,FREE TOWN,UON THE CHIEF DRIVER LANE,CHIEF DRIVER STREET,,-0.037059063,5.695142692,"0?? 2' 13.413"" W","5?? 41' 42.514"" N",
292,EMAHI STORE,EMAHI,,243562525,ASHAIMAN,VALCO FLAT,UON THE CHIEF DRIVER LANE,CHIEF DRIVER STREET,,-0.036231011,5.695447263,"0?? 2' 10.432"" W","5?? 41' 43.610"" N",
293,CALIPSO,CALIPSO,,NA,ASHAIMAN,VALCO FLAT,ALONG THE JERICHO MAIN ROAD,JERICHO STREET,,-0.036725938,5.695523406,"0?? 2' 12.213"" W","5?? 41' 43.884"" N",
294,MY GOD IS ABLE TO ME,REBECCA TETTEH,,203639435,ASHAIMAN,VALCO FLAT,ALONG THE JERICHO MAIN ROAD,JERICHO STREET,,-0.036439213,5.695583685,"0?? 2' 11.181"" W","5?? 41' 44.101"" N",
295,DAVID STORE,DAVID,,244751154,ASHAIMAN,VALCO FLAT,ALONG THE JERICHO MAIN ROAD,JERICHO STREET,,-0.037408844,5.695534906,"0?? 2' 14.672"" W","5?? 41' 43.926"" N",
296,ALICE ENTERPRISE,ALICE,,247681703,ASHAIMAN,VALCO FLAT,ALONG THE JERICHO MAIN ROAD,JERICHO STREET,,-0.037408844,5.695749058,"0?? 2' 14.672"" W","5?? 41' 44.697"" N",
297,TRUST IN GOD MINI MART,ABDULAI ADAMU,,576860816,ASHAIMAN,VALCO FLAT,ALONG THE JERICHO MAIN ROAD,JERICHO STREET,,-0.037922807,5.695534906,"0?? 2' 16.522"" W","5?? 41' 43.926"" N",
298,ALHASSAN STORE,ALHASSAN AZIZ,,274574737,ASHAIMAN,VALCO FLAT,ALONG THE JERICHO MAIN ROAD,JERICHO STREET,,-0.039100641,5.695470661,"0?? 2' 20.762"" W","5?? 41' 43.694"" N",
299,EMMANUEL PROVISION STORE,AUNTIE,,244551765,ASHAIMAN,VALCO FLAT,ALONG THE JERICHO MAIN ROAD,JERICHO STREET,,-0.040050045,5.69552063,"0?? 2' 24.180"" W","5?? 41' 43.874"" N",
300,BY HIS GRACE,BY HIS GRACE,,NA,ASHAIMAN,VALCO FLAT,ALONG THE JERICHO MAIN ROAD,JERICHO STREET,,-0.039400453,5.695656259,"0?? 2' 21.842"" W","5?? 41' 44.363"" N",
301,MY SAVIOR LIVES ENTERPRISE,JENNIFER,,204143406,ASHAIMAN,VALCO FLAT,ALONG THE JERICHO MAIN ROAD,JERICHO STREET,,-0.04016426,5.69552063,"0?? 2' 24.591"" W","5?? 41' 43.874"" N",
302,COMFORT PROVISIONS,COMFORT AKWADA,,273474417,ASHAIMAN,LEBANON,ALONG THE JERICHO MAIN ROAD,NA,,-0.04122074,5.699325388,"0?? 2' 28.395"" W","5?? 41' 57.571"" N",
303,NYAME YE PROVISIONS,THERESA ANKOMAH,,246249856,ASHAIMAN,JERICHO,ALONG THE JERICHO MAIN ROAD,NA,,-0.042883984,5.697262395,"0?? 2' 34.382"" W","5?? 41' 50.145"" N",
304,ZOE ENTERPRISE,ZOE,,277495996,ASHAIMAN,JERICHO,ALONG THE JERICHO MAIN ROAD,JERICHO STREET,,-0.041063696,5.69556346,"0?? 2' 27.829"" W","5?? 41' 44.028"" N",
305,BY HIS GRACE,BY HIS GRACE,,243751671,ASHAIMAN,JERICHO,ALONG THE JERICHO MAIN ROAD,JERICHO STREET,,-0.042048793,5.695756196,"0?? 2' 31.376"" W","5?? 41' 44.722"" N",
306,GRAND PAA AND GRAND MAA,GRAND PAA,,244979622,ASHAIMAN,JERICHO,NEAR LIGHT HOUSE CHAPEL,JERICHO STREET,,-0.04197027,5.694528394,"0?? 2' 31.093"" W","5?? 41' 40.302"" N",
307,AWURADE NA AYE PESWA PROVISION,PESWA,,243638593,ASHAIMAN,JERICHO,NOT FAR FROM GOOD CHILD SCHOOL,JERICHO STREET,,-0.042312913,5.693828833,"0?? 2' 32.326"" W","5?? 41' 37.784"" N",
308,MR NYARKO STORE,MR NYARKO,,NA,ASHAIMAN,JERICHO,ADJACENT NEW APOSTOLIC CHURCH INTERNATIONAL,ATANKPA STREET,,-0.043048166,5.691730148,"0?? 2' 34.973"" W","5?? 41' 30.229"" N",
309,ATAA MAAME STORE,ERIC OFOSU,,242259848,ASHAIMAN,JERICHO,NEAR NEW APOSTOLIC CHURCH INTERNATIONAL,ATANKPA STREET,,-0.043026751,5.691044863,"0?? 2' 34.896"" W","5?? 41' 27.762"" N",
310,SHALLOM AND PEACE,SARAH,,241850306,ASHAIMAN,JERICHO,NEAR NATHANIEL SCHOOL COMPLEX,ATANKPA STREET,,-0.042377158,5.690202534,"0?? 2' 32.558"" W","5?? 41' 24.729"" N",
311,SALATU VENTURES,SALATU,,276019319,ASHAIMAN,VALCO FLAT,NEAR BIG NII`S PUB,NA,,-0.033618362,5.695706227,"0?? 2' 1.026"" W","5?? 41' 44.542"" N",
312,LIZZY`S MART,AUNTIE LIZZY,,245927286,ASHAIMAN,TAIFA 12 0` CLOCK,CLOSE TO TAIFA 12 0` CLOCK,NA,,-0.032097887,5.695641982,"0?? 1' 55.552"" W","5?? 41' 44.311"" N",
313,MOHAMMED STORE,MOHAMMED,,256431493,ASHAIMAN,TAIFA 12 0` CLOCK,NOT FAR FROM SILVER ACADEMY,NA,,-0.031062821,5.69600604,"0?? 1' 51.826"" W","5?? 41' 45.622"" N",
314,BY HIS GRACE STORE,GRACE,,246988458,ASHAIMAN,OFFICIAL TOWN,NEAR CLIMAX INTERNATIONAL SCHOOL,NA,,-0.029970649,5.696170222,"0?? 1' 47.894"" W","5?? 41' 46.213"" N",
315,NAMAWOO STORE,NAMAWOO,,245109028,ASHAIMAN,OFFICIAL TOWN,NEAR CLIMAX INTERNATIONAL SCHOOL,NA,,-0.030213354,5.69627016,"0?? 1' 48.768"" W","5?? 41' 46.573"" N",
316,YUSIF STORE,YUSIF,,266330514,ASHAIMAN,OFFICIAL TOWN,FEW METRES AWAY FROM FUTURE SCHOOL INTERNATIONAL SCHOOL,NA,,-0.029206842,5.696562833,"0?? 1' 45.145"" W","5?? 41' 47.626"" N",
317,NYAME NDAYE,GRACE,,249163658,ASHAIMAN,TAIFA,NOT FAR FROM THE APOSTOLIC CHURCH,NA,,-0.029278225,5.697690698,"0?? 1' 45.402"" W","5?? 41' 51.687"" N",
318,OBOLO MAAME STORE,SARAH AMMAN,,560576606,ASHAIMAN,TAIFA,NOT FAR FROM THE APOSTOLIC CHURCH,NA,,-0.030206215,5.698368844,"0?? 1' 48.742"" W","5?? 41' 54.128"" N",
319,KAFUI`S MART,KAFUI,,207460143,ASHAIMAN,TAIFA,NOT FAR FROM THE PENTECOST CHURCH,NA,,-0.031098513,5.697647868,"0?? 1' 51.955"" W","5?? 41' 51.532"" N",
320,ALIVE SUPERMARKET,MADAM COMFORT,,244619909,ASHAIMAN,TAIFA,NOT FAR FROM GIVERS SHINE EDUCATIONAL CENTRE,NA,,-0.031105652,5.697333779,"0?? 1' 51.980"" W","5?? 41' 50.402"" N",
321,THE FINGER OF GOD ENTERPRISE,LETICIA COBINA,,277431308,ASHAIMAN,TAIFA,ADJACENT GIVERS SHINE EDUCATIONAL CENTRE,NA,,-0.031583923,5.697519377,"0?? 1' 53.702"" W","5?? 41' 51.070"" N",
322,KASIM ENTERPRISE,KASIM,,265846367,ASHAIMAN,TAIFA,NEAR GIVERS SHINE EDUCATIONAL CENTRE,NA,,-0.032069333,5.69781205,"0?? 1' 55.450"" W","5?? 41' 52.123"" N",
323,FUSEINI ENTERPRISE,FUSEINI,,266213781,ASHAIMAN,TAIFA,CLOSE SILVER ACADEMY,NA,,-0.031384048,5.696955445,"0?? 1' 52.983"" W","5?? 41' 49.040"" N",
324,MASURO STORE,MASURO,,NA,ASHAIMAN,TAIFA,CLOSE SILVER ACADEMY,NA,,-0.031576785,5.696063147,"0?? 1' 53.676"" W","5?? 41' 45.827"" N",
325,SUMAILA STORE,SUMAILA,,275842659,ASHAIMAN,TAIFA,ADJACENT KLIKOR CITIZENS UNION,NA,,-0.032176409,5.696341544,"0?? 1' 55.835"" W","5?? 41' 46.830"" N",
326,GOD WILL PROVIDE,CECILIA,,NA,ASHAIMAN,TAIFA,NOT FAR FROM KLIKOR CITIZENS UNION,NA,,-0.032504775,5.696677048,"0?? 1' 57.017"" W","5?? 41' 48.037"" N",
327,ENSO NYAME YE,REBECCA NUNU,,203118165,ASHAIMAN,TAIFA,DIRECTLY OPPOSITE AVENOR YEXOESE DEVELOPMENT ASSOCIATION,NA,,-0.03495324,5.696041731,"0?? 2' 5.832"" W","5?? 41' 45.750"" N",
328,AJARA STORE,AJARA,,241278692,ASHAIMAN,TAIFA,AT THE VALCO FLAT MARKET,NA,,-0.035595694,5.696113115,"0?? 2' 8.145"" W","5?? 41' 46.007"" N",
329,DAAVI STORE,PEACE,,248994679,ASHAIMAN,TAIFA,CUSTOMER BAR IS THE CLOSEST LANDMARK,NA,,-0.034739088,5.696741293,"0?? 2' 5.061"" W","5?? 41' 48.269"" N",
330,UMAR`S STORE,UMAR,,268096961,ASHAIMAN,TAIFA,CUSTOMER BAR IS THE CLOSEST LANDMARK,NA,,-0.035567141,5.696719878,"0?? 2' 8.042"" W","5?? 41' 48.192"" N",
331,LIZZICOM,ELIZABETH COBINNAH,,205667685,ASHAIMAN,NEW TOWN,CLOSE TO S.D.A CHURCH,AFARIWA STREET,,-0.034225125,5.699046991,"0?? 2' 3.210"" W","5?? 41' 56.569"" N",
332,GOD KNOWS,FLORENCE,,NA,ASHAIMAN,NEW TOWN,DIRECTLY OPPOSITE CHRISTIAN PRAISE INTERNATIONAL CHURCH,AFARIWA STREET,,-0.033468456,5.699246865,"0?? 2' 0.486"" W","5?? 41' 57.289"" N",
333,DORIS ENTERPRISE,DORIS AGU,,244265582,ASHAIMAN,NEW TOWN,NOT FAR FROM TEDDY`S PUB,AFARIWA STREET,,-0.032062195,5.700703096,"0?? 1' 55.424"" W","5?? 42' 2.531"" N",
334,BEAUTY`S MART,BEAUTY ATIVOR,,240925110,ASHAIMAN,NEW TOWN,AMAKA AHWIRENG STREET IS THIS OUTLET LOCATED,AMAKA AHWIRENG STREET,,-0.033475595,5.700096333,"0?? 2' 0.512"" W","5?? 42' 0.347"" N",
335,PORTIA STORE,PORTIA,,504671477,ASHAIMAN,NEW TOWN,NOT FAR AWAY FROM VICTORY HOME EDUCATIONAL COMPLEX,SPIDER STREET,,-0.036902019,5.701374104,"0?? 2' 12.847"" W","5?? 42' 4.947"" N",
336,BY HIS GRACE,MABEL,,243554725,ASHAIMAN,NEW TOWN,ADJACENT CLUB DE MCDONA,AKRONG MANTEY STREET,,-0.03521736,5.699996396,"0?? 2' 6.782"" W","5?? 41' 59.987"" N",
337,ENSO NYAME YE,ENSO NYAME YE,,NA,ASHAIMAN,NEW TOWN,ADJACENT NEW EDEN MATERNITY HOME,AKRONG MANTEY STREET,,-0.035288744,5.699275419,"0?? 2' 7.039"" W","5?? 41' 57.392"" N",
338,FLORENCE MINI MART,FLORENCE ARTHUR,,246645232,ASHAIMAN,NEW TOWN,OPPOSITE ABOVE ALL NAMES PRAYER MINISTRY,AHUNU KOOKO  CR,,-0.036659314,5.698261769,"0?? 2' 11.974"" W","5?? 41' 53.742"" N",
339,PROVIDENCESTORE,GRACE AMPAH,,246855742,ASHAIMAN,NEW TOWN,OPPOSITE ABOVE ALL NAMES PRAYER MINISTRY,AHUNU KOOKO CR,,-0.036723559,5.69816897,"0?? 2' 12.205"" W","5?? 41' 53.408"" N",
340,MORICS BAKERY AND MINI MART,MABEL ANEVOR,,244385808,ASHAIMAN,NEW TOWN,ALONG THE SPIDER STREET,SPIDER STREET,,-0.036566515,5.702930271,"0?? 2' 11.639"" W","5?? 42' 10.549"" N",
341,LIZZY`S MART,ELIZABETH TIMAH,,249090852,ASHAIMAN,NEW TOWN,NEAR INTERNATIONAL CENTRAL GOSPEL CHURCH,ANKRA STREET,,-0.035088869,5.702944548,"0?? 2' 6.320"" W","5?? 42' 10.600"" N",
342,BASHIRU SHOP,BASHIRU,,574210102,ASHAIMAN,NEW TOWN,FACES A STREET LEADING TO TSIAME DEVELOPMENT WELFARE ASSOCIATION,AAWOA STREET,,-0.034439276,5.701845237,"0?? 2' 3.981"" W","5?? 42' 6.643"" N",
343,ABUS STORE,ABUBAKAR,,NA,ASHAIMAN,NEW TOWN,OPPOSITE THE METHODIST CHURCH,BROWN STREET,,-0.032783172,5.702059388,"0?? 1' 58.019"" W","5?? 42' 7.414"" N",
344,MAWENA STORE,MAWENA,,244132549,ASHAIMAN,NEW TOWN,ALONG THE ABOTSI STREET,ABOTSI STREET,,-0.031869459,5.702480553,"0?? 1' 54.730"" W","5?? 42' 8.930"" N",
345,ELIZ STORE,ELIZABETH,,244846446,ASHAIMAN,NEW TOWN,NEAR SUNRISE BASE,KAILEBI STREET,,-0.032633266,5.70368694,"0?? 1' 57.480"" W","5?? 42' 13.273"" N",
346,BEE`S VENTURES,BEATRICE,,271557789,ASHAIMAN,NEW TOWN,ON THE JERRY AFEKU STREET,JERRY AFEKU STREET,,-0.034717673,5.703579864,"0?? 2' 4.984"" W","5?? 42' 12.888"" N",
347,MAMA JOYCE,MAMA JOYCE,,242525793,ASHAIMAN,NEW TOWN,OPPOSITE SUNRISE BASE,ADJEI ADJETEY STREET,,-0.033132952,5.704400778,"0?? 1' 59.279"" W","5?? 42' 15.843"" N",
348,NEW STORE,EMILIA ODURO,,NA,ASHAIMAN,NEW TOWN,NEAR SUNRISE BASE,ADJEI ADJETEY STREET,,-0.032878112,5.704469782,"0?? 1' 58.361"" W","5?? 42' 16.091"" N",
349,OGYAMAH,AGYAMA,,2444150435,ASHAIMAN,NEW TOWN,NEAR CECOM ROYALS SCHOOL,NII KWAO STREET,,-0.033513428,5.705304973,"0?? 2' 0.648"" W","5?? 42' 19.098"" N",
350,CECI MART,CECILIA,,240128829,ASHAIMAN,NEW TOWN,INFRONT OF CECOM ROYALS SCHOOL,NII KWAO STREET,,-0.03359195,5.705904597,"0?? 2' 0.931"" W","5?? 42' 21.257"" N",
351,AUTHENTIC STORE,BEATRICE,,249766605,ASHAIMAN,NEW TOWN,ON THE ABOTSI STREET,ABOTSI STREET,,-0.032214242,5.704983746,"0?? 1' 55.971"" W","5?? 42' 17.941"" N",
352,OLIVIA STORE,OLIVIA,,249197018,ASHAIMAN,NEW TOWN,ON THE ADJEI ADJETEY STREET,ADJEI ADJETEY STREET,,-0.032414117,5.705676169,"0?? 1' 56.691"" W","5?? 42' 20.434"" N",
353,AMARIA STORE,AMERIA,,NA,ASHAIMAN,NEW TOWN,ON THE ABOTSI STREET,ABOTSI STREET,,-0.031257699,5.704269908,"0?? 1' 52.528"" W","5?? 42' 15.372"" N",
354,EUNICE,EUNICE,,244721896,ASHAIMAN,NEW TOWN,CLOSER TO NEW HAPPY HOME ACADEMY,GRACE NORGBEDZI STREET,,-0.031007856,5.703284811,"0?? 1' 51.628"" W","5?? 42' 11.825"" N",
355,GOD WIL PROVIDER,RACHEAL,,241843085,ASHAIMAN,NEW TOWN,NEAR NEW TOWN TAXI STATION,AFARIWA ROAD,,-0.0304582,5.703006414,"0?? 1' 49.650"" W","5?? 42' 10.823"" N",
356,MARGARET,MARGARET,,271335739,ASHAIMAN,NEW TOWN,NEAR NEW TOWN TAXI STATION,JAMES AYORNU STREET,,-0.02873785,5.702428205,"0?? 1' 43.456"" W","5?? 42' 8.742"" N",
357,MUSTAFA SHOP,MUSTAFA,,264182757,ASHAIMAN,NEW TOWN,NEAR ABUNDANT GRACE PREPARATORY SCHOOL,MIFETU STREET,,-0.028794957,5.701657259,"0?? 1' 43.662"" W","5?? 42' 5.966"" N",
358,RICH LOVE,RICH LOVE,,275855856,ASHAIMAN,OFFICIAL,BEHIND END POINT HOMEOPATHIC CLINIC,AGYAPONG STREET,,-0.025354256,5.700929144,"0?? 1' 31.275"" W","5?? 42' 3.345"" N",
359,DAAVI STORE,DAAVI,,NA,ASHAIMAN,COMMUNITY 21,THE OUTLET ADJACENT HERALDS INTERNATIONAL SCHOOL,DANSOWAA STREET,,-0.025654068,5.704077171,"0?? 1' 32.355"" W","5?? 42' 14.678"" N",
360,AMA STELLA STORE,AMA STELLA,,NA,ASHAIMAN,COMMUNITY 21,IS IN BETWEEN A TEE JUNCTION AND A CURVE ROAD,NA,,-0.025261457,5.705740415,"0?? 1' 30.941"" W","5?? 42' 20.665"" N",
361,EYE ADOM ENTERPRISE,EMILIA BOATENG,,245544802,ASHAIMAN,COMMONITY22,DIRECTLY OPPOSITEAFARIWA ECG OFFICE,BANSAON STREET,,-0.026789071,5.706889694,"0?? 1' 36.441"" W","5?? 42' 24.803"" N",
362,ROSE KUONU ENTERPRISE,ROSE KUONU,,243959350,ASHAIMAN,NEW TOWN,CLOSE TO BRIGHT TOWN GUEST INN,NORGBEDZI STREET,,-0.029837161,5.705197897,"0?? 1' 47.414"" W","5?? 42' 18.712"" N",
363,GRACE STORE,GRACE ADJEI,,NA,ASHAIMAN,NEW TOWN,CLOSE TO BRIGHT TOWN GUEST INN,NANA ASARE STREET,,-0.029594456,5.704840978,"0?? 1' 46.540"" W","5?? 42' 17.428"" N",
364,AVE MARIA MINI MART,AVE MARIA,,244051661,ASHAIMAN,NEW TOWN,DIRECTLY OPPOSITE NEWLAND SCHOOL,AFARIWA STREET,,-0.029330336,5.704384122,"0?? 1' 45.589"" W","5?? 42' 15.783"" N",
365,MICHAEL STORE,MICHAEL,,na,ASHAIMAN,NEW TOWN,NOT FAR FROM ST GINA SCHOOL COMPLEX,OHENE STREET,,-0.030529584,5.705247866,"0?? 1' 49.907"" W","5?? 42' 18.892"" N",
366,THE LORD IS FAITHFUL STORE,K.K,,545291130,ASHAIMAN,NEW TOWN,NOT FAR FROM ST GINA SCHOOL COMPLEX,OHENE STREET,,-0.031700279,5.705990258,"0?? 1' 54.121"" W","5?? 42' 21.565"" N",
367,CYNTHIA`S STORE,SISTER CYTHIA,,244821000,ASHAIMAN,NEW TOWN,NOT FAR FROM ST GINA SCHOOL COMPLEX,OHENE STREET,,-0.032164274,5.707367966,"0?? 1' 55.791"" W","5?? 42' 26.525"" N",
368,MOTHER OF GOD STORE,LINDA YEBOAH,,246896663,ASHAIMAN,NEW TOWN,ON THE NANA ASARE STREET,OHENE STREET,,-0.0304582,5.706475668,"0?? 1' 49.650"" W","5?? 42' 23.312"" N",
369,EVERGREEN STORE,EVERGREEN,,NA,ASHAIMAN,NEW TOWN,ON THE NANA ASARE STREET,NANA ASARE STREET,,-0.030629521,5.70814605,"0?? 1' 50.266"" W","5?? 42' 29.326"" N",
370,ADOM WO WIM MINI MART,ADOM,,NA,ASHAIMAN,COMMUNITY 22,OPPOSITE STAR LIGHT SCHOOL,NA,,-0.03421299,5.708931272,"0?? 2' 3.167"" W","5?? 42' 32.153"" N",
371,THANK YOU JESUS,THANK YOU JESUS,,NA,ASHAIMAN,COMMUNITY 22,OPPOSITE STAR LIGHT SCHOOL,ABO STREET,,-0.034070222,5.708909857,"0?? 2' 2.653"" W","5?? 42' 32.075"" N",
372,AGYUAPA PROVISIOPNS,GEORGINA,,242688926,ASHAIMAN,COMMUNITY 22,ON THE NANA ASARE STREET,ABO STREET,,-0.035133841,5.707410796,"0?? 2' 6.482"" W","5?? 42' 26.679"" N",
373,AMENUVEVE,AMENUVEVE,,NA,ASHAIMAN,COMMUNITY 22,ON THE NANA ASARE STREET,ABO STREET,,-0.034655569,5.708888441,"0?? 2' 4.760"" W","5?? 42' 31.998"" N",
374,BERNICE STORE,SISTER BERNICE,,249370918,ASHAIMAN,COMMUNITY 22,ON THE NANA ASARE STREET,ABO STREET,,-0.034819752,5.708881303,"0?? 2' 5.351"" W","5?? 42' 31.973"" N",
375,ENERSTINA ATTIPO STORE,ERNISTINA ATTIPO,,243354475,ASHAIMAN,ZONE 5 LEBANON,ON THE NANA ASARE STREET,ABO STREET,,-0.03664004,5.709709356,"0?? 2' 11.904"" W","5?? 42' 34.954"" N",
376,HAVE FAITH,AFIA,,541210899,ASHAIMAN,ZONE 5 LEBANON,ON THE PINKY LADY STREET,PINKY LADY STREET,,-0.037725074,5.706825449,"0?? 2' 15.810"" W","5?? 42' 24.572"" N",
377,KOFI MAAME ENTEERPRISE,KOFI MAAME,,NA,ASHAIMAN,ZONE 5 LEBANON,ON THE PINKY LADY STREET,NA,,-0.037296771,5.707781992,"0?? 2' 14.268"" W","5?? 42' 28.015"" N",
378,ARISE AND SHINE,GINA ABOAGYEWAA,,246362736,ASHAIMAN,ZONE 5 LEBANON,FEW METRES FROM ALDERSGATE SCHOOL,NA,,-0.03791781,5.706182994,"0?? 2' 16.504"" W","5?? 42' 22.259"" N",
379,AZAGLO STORE,AZAGLO,,NA,ASHAIMAN,ZONE 5 LEBANON,OPPOSITE ON THE RIGHT ALDERSGATE SCHOOL,NA,,-0.0381391,5.705533401,"0?? 2' 17.301"" W","5?? 42' 19.920"" N",
380,QUODESH,NAN KWAME,,241236383,ASHAIMAN,ZONE 5 LEBANON,CLOSE TO ALDERSGATE METHODIST CHURCH,NA,,-0.038488881,5.704112863,"0?? 2' 18.560"" W","5?? 42' 14.806"" N",
381,NANCY STORE,NANCY,,NA,ASHAIMAN,ZONE 5 LEBANON,ON THE PINKY LADY STREET,NA,,-0.039602469,5.700265275,"0?? 2' 22.569"" W","5?? 42' 0.955"" N",
382,RITA`S STORE,RITA,,506171389,ASHAIMAN,ZONE 5 LEBANON,ON THE PINKY LADY STREET,NA,,-0.03973096,5.701607291,"0?? 2' 23.031"" W","5?? 42' 5.786"" N",
383,BY HIS GRACE PROVISIONS,GRACE,,245424222,ASHAIMAN,ZONE 5 LEBANON,ON THE PINKY LADY STREET,NA,,-0.038931461,5.701321755,"0?? 2' 20.153"" W","5?? 42' 4.758"" N",
384,COMFORT PROVISIONS,COMFORT,,571502514,ASHAIMAN,ZONE 5 LEBANON,ON THE PINKY LADY STREET,NA,,-0.038674479,5.702078424,"0?? 2' 19.228"" W","5?? 42' 7.482"" N",
385,EMMANUEL GOD WITH US,GLADYS ASAMOAH,,243585930,ASHAIMAN,ZONE 5 LEBANON,ON THE PINKY LADY STREET,NA,,-0.038688756,5.703006414,"0?? 2' 19.280"" W","5?? 42' 10.823"" N",
386,MAMA ALICE,ALICE,,276629222,ASHAIMAN,ZONE 5 LEBANON,AMETHOR - NYE STREET,NA,,-0.040616119,5.701664398,"0?? 2' 26.218"" W","5?? 42' 5.992"" N",
387,MAMA`S PROVISIONS,MAMA,,NA,ASHAIMAN,ZONE 5 LEBANON,NII TETTEH AMUI,NA,,-0.041572663,5.701828581,"0?? 2' 29.662"" W","5?? 42' 6.583"" N",
388,ENERE PAPA ENTERPRISE,MAMA PEACE,,NA,ASHAIMAN,ZONE 5 LEBANON,NII TETTEH AMUI,NA,,-0.041943858,5.701892826,"0?? 2' 30.998"" W","5?? 42' 6.814"" N",
389,FAUSTINA NYAMEASEM,FAUSTINA NYAMESEM,,NA,ASHAIMAN,ZONE 4 LEBANON,DEEPER,NA,,-0.040223508,5.705283558,"0?? 2' 24.805"" W","5?? 42' 19.021"" N",
390,GOD`S WAY STORE,FAUSTINA YEBOAH,,240255867,ASHAIMAN,ZONE 4 LEBANON,,NA,,-0.040273477,5.706561329,"0?? 2' 24.985"" W","5?? 42' 23.621"" N",
391,ATAA STORE,ATAA,,243761519,ASHAIMAN,ZONE 4 LEBANON,,NA,,-0.041415618,5.706282932,"0?? 2' 29.096"" W","5?? 42' 22.619"" N",
392,FAT STORE,FAT,,248813920,ASHAIMAN,ZONE 4 LEBANON,,NA,,-0.041993827,5.706190133,"0?? 2' 31.178"" W","5?? 42' 22.284"" N",
393,WOFA STORE,WOFA YAW,,5277250968,ASHAIMAN,ZONE 5 LEBANON,NANA KORE STREET,NA,,-0.041879613,5.70439126,"0?? 2' 30.767"" W","5?? 42' 15.809"" N",
394,MADAM CECI STORE,MADAM CECILIA,,NA,ASHAIMAN,ZONE 5 LEBANON,NANA KORE STREET,NA,,-0.041829644,5.704298461,"0?? 2' 30.587"" W","5?? 42' 15.474"" N",
395,GIFTY`S SHOP,GIFTY,,NA,ASHAIMAN,ZONE 1 LEBANON,AMARKI STREET,NA,,-0.043235906,5.701157573,"0?? 2' 35.649"" W","5?? 42' 4.167"" N",
396,LAD STORE,LAD,,242560534,ASHAIMAN,ZONE 4 LEBANON,POLICE JUNCTION STREET,NA,,-0.042714804,5.705404911,"0?? 2' 33.773"" W","5?? 42' 19.458"" N",
397,PEACE CORNER PROVISION,GLADYS,,571237707,ASHAIMAN,ZONE 4 LEBANON,ON THE PEACE CORNER STREET,PEACE CORNER,,-0.042750496,5.706804034,"0?? 2' 33.902"" W","5?? 42' 24.495"" N",
398,BAMAYI SHEI ALLAH,HURAIRA IBRAHIM,,246724505,ASHAIMAN,ZONE 4 LEBANON,CLOSE TO FIKO CATERING SERVICE,AYI STREET,,-0.043143107,5.707425073,"0?? 2' 35.315"" W","5?? 42' 26.730"" N",
399,ALICE CORNER,MANA ALICE,,275155751,ASHAIMAN,ZONE 4 LEBANON,ON THE AYI STREET,AYI STREET,,-0.041801091,5.708360201,"0?? 2' 30.484"" W","5?? 42' 30.097"" N",
400,MAM PAT VENTURES,MAMA PAT,,244259438,ASHAIMAN,ZONE 5 LEBANON,GENERAL FAMILY HOSPITAL IS THE CLOSEST LANDMARK,DEEPER LIFE STREET,,-0.038831523,5.707460765,"0?? 2' 19.793"" W","5?? 42' 26.859"" N",
401,EMILIA`S STORE,EMILIA OCANSEY,,NA,ASHAIMAN,ZONE 5 LEBANON,IT`S NEARER TO TO GENERAL FAMILY HOSPITAL,DEEPER LIFE STREET,,-0.038638787,5.707817684,"0?? 2' 19.100"" W","5?? 42' 28.144"" N",
402,MIGMAN MART,MIGMOM,,243448421,ASHAIMAN,ZONE 5 LEBANON,IT`S NOT FAR FROM STANDARD FOR LIFE SCHOOL,NA,,-0.038681617,5.708617183,"0?? 2' 19.254"" W","5?? 42' 31.022"" N",
403,ADOM STORE,DIANA MANU,,541164823,ASHAIMAN,ZONE 5 LEBANON,ON THE AKWASHONG STREET,AKWASHONG STREET,,-0.03836039,5.709773601,"0?? 2' 18.097"" W","5?? 42' 35.185"" N",
404,FAITH,FAITH,,NA,ASHAIMAN,ZONE 5 LEBANON,ON THPINKY LADY STREET,PINK LADY STREET,,-0.037146865,5.710537408,"0?? 2' 13.729"" W","5?? 42' 37.935"" N",
405,FEAR NOT,MICHAEL,,NA,ASHAIMAN,ZONE 5 LEBANON,ON THE PAMPLO STREET,PAMPLO STREET,,-0.036532964,5.71158675,"0?? 2' 11.519"" W","5?? 42' 41.712"" N",
406,CATHRINE STORE,CATHRINE,,540691225,ASHAIMAN,ZONE 5 LEBANON,CLOSE KINDOM LIFE MINISTRY,PINKY LADY LASDY STREET,,-0.037446677,5.712878798,"0?? 2' 14.808"" W","5?? 42' 46.364"" N",
407,PEACE ENTERPRISE,MAMA PEACE,,NA,ASHAIMAN,ZONE 5 LEBANON,ON THE PINKY LADY STREET,PINKY LADY LASDY STREET,,-0.037068343,5.713449868,"0?? 2' 13.446"" W","5?? 42' 48.420"" N",
408,OSOFO MAAME STORE,OSOFO MAAME,,242152106,ASHAIMAN,ZONE 5 LEBANON,ON THE PINKY LADY STREET,SEPENNU STREET,,-0.038296145,5.713292824,"0?? 2' 17.866"" W","5?? 42' 47.854"" N",
409,NO JESUS NO LIFE,AUNTIE SISIE,,NA,ASHAIMAN,ZONE 5 LEBANON,NEAR BETHEL FAMILY CHAPEL,LIBERTY STREET,,-0.039366902,5.71397097,"0?? 2' 21.721"" W","5?? 42' 50.295"" N",
410,NO ME A BRA,SISTER FAIZA,,249341631,ASHAIMAN,ZONE 5 LEBANON,ON THE REV. AWUTIA STREET NEAR DAVIS SPECIAL FOOD JOINT,REV. AWUTIA STREET,,-0.040944485,5.71463484,"0?? 2' 27.400"" W","5?? 42' 52.685"" N",
411,EMMANUEL MART,MARY A. NARTEY,,NA,ASHAIMAN,ZONE 5 LEBANON,NOT FAR FROM DAVIS SPECIAL FOOD JOINT,REV AWUTIA STREET,,-0.042036657,5.715213049,"0?? 2' 31.332"" W","5?? 42' 54.767"" N",
412,MENKEY STORE,MENKEY,,243006575,ASHAIMAN,ZONE 5 LEBANON,NEAR ADOM POT,DUNYO STREET,,-0.041772537,5.713735404,"0?? 2' 30.381"" W","5?? 42' 49.447"" N",
413,YEHOWAH NE ME HWEFO,AUNTIE PAT,,243625296,ASHAIMAN,ZONE 5 LEBANON,NEAR ADOM POT,JOHN ANNANG STREETR,,-0.041829644,5.713671158,"0?? 2' 30.587"" W","5?? 42' 49.216"" N",
414,GIFTY STORTE,MADAM GIFTY,,NA,ASHAIMAN,ZONE 5 LEBANON,ON THE JOHN ANNANG STREET,JOHN ANNANG STREETR,,-0.040073602,5.713292824,"0?? 2' 24.265"" W","5?? 42' 47.854"" N",
415,HAROLD VENTURE,HAROLD,,NA,ASHAIMAN,ZONE 5 LEBANON,FEW NETRES FROM HONEST ROYAL HOTEL,JOHN ANNANG STREETR,,-0.039416871,5.712421941,"0?? 2' 21.901"" W","5?? 42' 44.719"" N",
416,MAMLEY,MAMLEY,,245477397,ASHAIMAN,ZONE 5 LEBANON,ON THE JOHN ANNANG STREET,JOHN ANNANG STREETR,,-0.038645926,5.711836594,"0?? 2' 19.125"" W","5?? 42' 42.612"" N",
417,OBOLO STORE,FAUSTINA,,242705460,ASHAIMAN,ZONE 5 LEBANON,ON THE JOHN ANNANG STREET,JOHN ANNANG STREETR,,-0.040994454,5.712286312,"0?? 2' 27.580"" W","5?? 42' 44.231"" N",
418,LUCKY STORE,AKOSE JACKLIN,,246818574,ASHAIMAN,ZONE 4 LEBANON,NOT FOR FROM LIVING BREAD MISSION,NA,,-0.042964647,5.712193513,"0?? 2' 34.673"" W","5?? 42' 43.897"" N",
419,NYAME YE KESE STORE,SARAJH,,242260331,ASHAIMAN,ZONE 4 LEBANON,OPPOSITE LIVING BREAD MISSION,NA,,-0.042707665,5.711772348,"0?? 2' 33.748"" W","5?? 42' 42.380"" N",
420,MAMA ALICE STORE,MADAM ALICE,,244721771,ASHAIMAN,ZONE 4 LEBANON,ON THE JOHN ANNANG STREET,JOHN ANNANG STREET,,-0.040501905,5.710801528,"0?? 2' 25.807"" W","5?? 42' 38.886"" N",
421,MAAME STYORE,MAAME,,NA,ASHAIMAN,ZONE 4 LEBANON,ON THE JOHN ANNANG STREET,JOHN ANNANG STREET,,-0.041237159,5.711187001,"0?? 2' 28.454"" W","5?? 42' 40.273"" N",
422,COMONERS,MADAM COMFORT,,244677533,ASHAIMAN,ZONE 4 LEBANON,NEAR ST. JONES ACADEMY,JOHN ANNANG STREET,,-0.040944485,5.710237596,"0?? 2' 27.400"" W","5?? 42' 36.855"" N",
423,ELLEN ENTERPRISE,ELLEN,,246453261,ASHAIMAN,ZENU,ABOUT 120 METRES FROM COMPASS OLEUM,NA,,-0.051355239,5.717975791,"0?? 3' 4.879"" W","5?? 43' 4.713"" N",
424,JAYS DARLING ENTERPRISE,JANET,,NA,ASHAIMAN,ZENU,NOT TOO FAR FROM STAR OIL,NA,,-0.050798446,5.71833271,"0?? 3' 2.874"" W","5?? 43' 5.998"" N",
425,VIDA ENTERPRISE,VIDA,,241024516,ASHAIMAN,ZENU,NOT FAR FROM SPRING WORLD ACADEMY,NA,,-0.051712159,5.719453437,"0?? 3' 6.164"" W","5?? 43' 10.032"" N",
426,AMRIA STORE,AMARIA,,NA,ASHAIMAN,ZENU,NEAR SPRING WORLD ACADEMY,NA,,-0.052975652,5.720595578,"0?? 3' 10.712"" W","5?? 43' 14.144"" N",
427,GRACELAND ENTERPRISE,BEEDICTA ATSU,,244411547,ASHAIMAN,ZENU,NEAR ASSEMBLIES OF GOD CHURCH,NA,,-0.052511657,5.722066085,"0?? 3' 9.042"" W","5?? 43' 19.438"" N",
428,CECILIA ENTERPRISE,CECILIA OSEI,,249799131,ASHAIMAN,ZENU,NEXT TO ASSEMBLIES OF GOD CHURCH,NA,,-0.052197569,5.722494388,"0?? 3' 7.911"" W","5?? 43' 20.980"" N",
429,ASANA ENTERPRISE,ASANA,,273285723,ASHAIMAN,ZENU,OPPOSITE PREMS L ACADEMY,NA,,-0.053853673,5.723400962,"0?? 3' 13.873"" W","5?? 43' 24.243"" N",
430,LIZZY`S ENTERPRISE,ELIZABETH BOADI,,244018536,ASHAIMAN,ZENU,NEAR PREMS L ACADEMY,NA,,-0.054339083,5.723629391,"0?? 3' 15.621"" W","5?? 43' 25.066"" N",
431,MARY`S PROVISION STORE,MARY APRAKU,,556767359,ASHAIMAN,ZENU,NOT FAR FROM PREMS L ACADEMY,NA,,-0.05501723,5.723558007,"0?? 3' 18.062"" W","5?? 43' 24.809"" N",
432,MARIAM STORE,MARIAM,,557096738,ASHAIMAN,ZENU,ABOUT 100 METRES ASSEMBLIES OF GOD CHURCH,NA,,-0.052204707,5.723008351,"0?? 3' 7.937"" W","5?? 43' 22.830"" N",
433,BY HIS GRACE,COMFORT QUARSHIE,,545356830,ASHAIMAN,ZENU,ABOUT 100 METRES ASSEMBLIES OF GOD CHURCH,NA,,-0.052547349,5.72287986,"0?? 3' 9.170"" W","5?? 43' 22.367"" N",
434,GONJA ENTERPRISE,MARY ADAMU,,NA,ASHAIMAN,ZENU,NOT FAR FROM A MOSQUE,NA,,-0.051769266,5.723579422,"0?? 3' 6.369"" W","5?? 43' 24.886"" N",
435,ADOM STORE,SAVINAH ACQUAH,,246620072,ASHAIMAN,ZENU,NEAR INTERNATIONAL GREENLAND CHAPEL,NA,,-0.04980621,5.72574949,"0?? 2' 59.302"" W","5?? 43' 32.698"" N",
436,GODS TIME MINI MSRT,ESTHER BEHAH,,265104914,ASHAIMAN,ZENU,DIRECTLY OPPOSITE INTERNATIONAL GREENLAND CHAPEL,NA,,-0.049841902,5.726163517,"0?? 2' 59.431"" W","5?? 43' 34.189"" N",
437,SARAH`S MINI MART,MADAM SARAH,,556777608,ASHAIMAN,ZENU,NEAR INTERNATIONAL GREENLAND CHAPEL,NA,,-0.049620612,5.726156378,"0?? 2' 58.634"" W","5?? 43' 34.163"" N",
438,FELIX ENTERPRISE,ASIRIFI FELIX,,NA,ASHAIMAN,ZENU,OPPOSITE MOUNTAIN OF THE LORD CHURCH,NA,,-0.050627124,5.725413986,"0?? 3' 2.258"" W","5?? 43' 31.490"" N",
439,HAWAH ENTERPRISE,HAWAH,,271602858,ASHAIMAN,ZENU,ADJACENT JESUS SAVES INTERNATIONAL SCHOOL,NA,,-0.052218984,5.725642415,"0?? 3' 7.988"" W","5?? 43' 32.313"" N",
440,ABI`S ENTERPRISE,QUAYSON ABIGAIL,,541678781,ASHAIMAN,ZENU,NEAR JESUS SAVES INTERNATIONAL SCHOOL,NA,,-0.052211845,5.725228388,"0?? 3' 7.963"" W","5?? 43' 30.822"" N",
441,ENSO NYAME YE ENTERPRISE,JOYCE ASARE,,547456464,ASHAIMAN,ZENU,ABOUT 100 METRES FROM JESUS SAVES INTERNTIONAL SCHOOL,NA,,-0.052790054,5.724528827,"0?? 3' 10.044"" W","5?? 43' 28.304"" N",
442,FRIMPOMAA  STORE,CYNTHIA FRIMPOMAA,,242212027,ASHAIMAN,ZENU,ABOUT 100 METRES FROM JESUS SAVES INTERNTIONAL SCHOOL,NA,,-0.053000637,5.724700148,"0?? 3' 10.802"" W","5?? 43' 28.921"" N",
443,GIFTY`S STORE,GIFTY AIDOO,,246603766,ASHAIMAN,ZENU,ABOUT 100 METRES FROM JESUS SAVES INTERNTIONAL SCHOOL,NA,,-0.052686548,5.72583872,"0?? 3' 9.672"" W","5?? 43' 33.019"" N",
444,JESUS LOVE ENTERPRISE,JULIANA,,242606667,ASHAIMAN,ZENU,NEAR JESUS LOVE ENTERPRISE,NA,,-0.052393874,5.725910104,"0?? 3' 8.618"" W","5?? 43' 33.276"" N",
445,HALLELUJAH FOOD ENTERPRISE,COMFORT,,544784221,ASHAIMAN,ZENU,ADJACENT PRINCE OF PEACE RENTALS,NA,,-0.053714475,5.726424068,"0?? 3' 13.372"" W","5?? 43' 35.127"" N",
446,AISHA PROVISION STORE,AISHA SHABBA,,268403366,ASHAIMAN,ZENU,NEAR PRINCE OF PEACE RENTALS,NA,,-0.053575277,5.726377668,"0?? 3' 12.871"" W","5?? 43' 34.960"" N",
447,MAMA LIZZY PROVISION STORE,ELIZABETH AYITEY,,NA,ASHAIMAN,ZENU,NEAR MIGHTY WORD MINSTRY,NA,,-0.054139209,5.725735214,"0?? 3' 14.901"" W","5?? 43' 32.647"" N",
448,PRISPEARL & PILL ENTERPRISE,PEARL,,243612979,ASHAIMAN,ZENU,ADJACENT THE OBAATAN SCHOOL COMPLEX,NA,,-0.054306961,5.725299772,"0?? 3' 15.505"" W","5?? 43' 31.079"" N",
449,PEACE ENTERPRISE,PEACE,,247309451,ASHAIMAN,ZENU,DIRECTLY OPPOSITE OBAATAN SCHOOL COMPLEX,NA,,-0.054346222,5.724621626,"0?? 3' 15.646"" W","5?? 43' 28.638"" N",
450,BY TH GRACE OF GOD,ELIZABETH BADU,,246599124,ASHAIMAN,ZENU,NOT FAR FROM A MOSQUE,NA,,-0.05453182,5.725471093,"0?? 3' 16.315"" W","5?? 43' 31.696"" N",
451,CECILIA ENTERPRISE,CECILIA,,NA,ASHAIMAN,ZENU,ABOUT 100 METRES FROM THE MOSQUE,NA,,-0.055719638,5.725435336,"0?? 3' 20.591"" W","5?? 43' 31.567"" N",
452,YEHOWAH NE ME HWEFO,AUNTY ELIZABETH,,277344874,ASHAIMAN,ZENU,NOT FAR FROM A MOSQUE,NA,,-0.056009465,5.725649553,"0?? 3' 21.634"" W","5?? 43' 32.338"" N",
